,Title,Rating,Year,Month,Certificate,Runtime,Directors,Stars,Genre,Filming_location,Budget,Income,Country_of_origin,Income_dollar,Income_million,Budget_dollar,Budget_million
0,Avatar: The Way of Water,7.8,2022,December,PG-13,192,James Cameron,"Sam Worthington, Zoe Saldana, Sigourney Weaver, Stephen Lang","Action, Adventure, Fantasy",New Zealand,"$350,000,000 ","$2,267,946,983 ",United States,2267946983.0,2267.95,350000000,350.0
14,Black Adam,6.5,2022,October,PG-13,125,Jaume Collet Serra,"Dwayne Johnson, Aldis Hodge, Pierce Brosnan, Noah Centineo","Action, Adventure, Fantasy",USA,"$195,000,000 ","$391,273,355 ","United States, Canada, New Zealand, Hungary",391273355.0,391.27,195000000,195.0
19,Black Panther: Wakanda Forever,6.8,2022,November,PG-13,161,Ryan Coogler,"Letitia Wright, Lupita Nyong o, Danai Gurira, Winston Duke","Action, Adventure, Drama",USA,"$250,000,000 ","$791,852,924 ",United States,791852924.0,791.85,250000000,250.0
27,Top Gun: Maverick,8.4,2022,May,PG-13,130,Joseph Kosinski,"Tom Cruise, Jennifer Connelly, Miles Teller, Val Kilmer","Action, Drama",USA,"$170,000,000 ","$1,488,732,821 ",United States,1488732821.0,1488.73,170000000,170.0
29,The Batman,7.8,2022,March,PG-13,176,Matt Reeves,"Robert Pattinson, Zo Kravitz, Jeffrey Wright, Colin Farrell","Action, Crime, Drama",UK,"$200,000,000 ","$770,836,163 ",United States,770836163.0,770.84,200000000,200.0
61,Thor: Love and Thunder,6.3,2022,July,PG-13,118,Taika Waititi,"Chris Hemsworth, Natalie Portman, Christian Bale, Tessa Thompson","Action, Adventure, Comedy",Australia,"$250,000,000 ","$760,928,081 ","Australia, United States",760928081.0,760.93,250000000,250.0
72,Elvis,7.4,2022,June,PG-13,159,Baz Luhrmann,"Tom Hanks, Austin Butler, Olivia DeJonge, Helen Thomson","Biography, Drama, Music",Australia,"$85,000,000 ","$286,040,048 ","United States, Australia",286040048.0,286.04,85000000,85.0
87,Uncharted,6.3,2022,February,PG-13,116,Ruben Fleischer,"Tom Holland, Mark Wahlberg, Antonio Banderas, Sophia Ali","Action, Adventure",Spain,"$120,000,000 ","$401,748,820 ","Spain, United States",401748820.0,401.75,120000000,120.0
93,Jurassic World: Dominion,5.7,2022,June,PG-13,147,Colin Trevorrow,"Chris Pratt, Bryce Dallas Howard, Laura Dern, Sam Neill","Action, Adventure, Sci-Fi",Malta,"$165,000,000 ","$1,001,136,080 ","United States, China, Malta",1001136080.0,1001.14,165000000,165.0
102,Dune,8.0,2021,October,PG-13,155,Denis Villeneuve,"Timoth e Chalamet, Rebecca Ferguson, Zendaya, Oscar Isaac","Action, Adventure, Drama",Jordan,"$165,000,000 ","$401,847,900 ","United States, Canada",401847900.0,401.85,165000000,165.0
103,Spider-Man: No Way Home,8.3,2021,December,PG-13,148,Jon Watts,"Tom Holland, Zendaya, Benedict Cumberbatch, Jacob Batalon","Action, Adventure, Fantasy",Iceland,"$200,000,000 ","$1,917,430,023 ",United States,1917430023.0,1917.43,200000000,200.0
105,No Time to Die,7.3,2021,October,PG-13,163,Cary Joji Fukunaga,"Daniel Craig, Ana de Armas, Rami Malek, L a Seydoux","Action, Adventure, Thriller",UK,"$250,000,000 ","$774,153,007 ","United Kingdom, United States",774153007.0,774.15,250000000,250.0
114,Sing 2,7.4,2021,December,PG,110,"Garth Jennings, Christophe Lourdelet","Matthew McConaughey, Reese Witherspoon, Scarlett Johansson, Tori Kelly","Animation, Adventure, Comedy",Unknown,"$85,000,000 ","$407,514,912 ","United States, Japan",407514912.0,407.51,85000000,85.0
119,Eternals,6.3,2021,November,PG-13,156,Chlo Zhao,"Gemma Chan, Richard Madden, Angelina Jolie, Salma Hayek","Action, Adventure, Fantasy",Spain,"$200,000,000 ","$402,064,899 ",United States,402064899.0,402.06,200000000,200.0
122,Free Guy,7.1,2021,August,PG-13,115,Shawn Levy,"Ryan Reynolds, Jodie Comer, Taika Waititi, Lil Rel Howery","Action, Adventure, Comedy",USA,"$120,000,000 ","$331,526,598 ","United States, Canada",331526598.0,331.53,120000000,120.0
127,Encanto,7.2,2021,November,PG,102,"Jared Bush, Byron Howard, Charise Castro Smith","Stephanie Beatriz, Mar a Cecilia Botero, John Leguizamo, Mauro Castillo","Animation, Comedy, Family",Unknown,"$50,000,000 ","$256,786,742 ",United States,256786742.0,256.79,50000000,50.0
132,Black Widow,6.7,2021,July,PG-13,134,Cate Shortland,"Scarlett Johansson, Florence Pugh, David Harbour, Rachel Weisz","Action, Adventure, Sci-Fi",Norway,"$200,000,000 ","$379,751,655 ",United States,379751655.0,379.75,200000000,200.0
134,F9: The Fast Saga,5.2,2021,June,PG-13,143,Justin Lin,"Vin Diesel, Michelle Rodriguez, Jordana Brewster, Tyrese Gibson","Action, Crime, Thriller",Georgia,"$200,000,000 ","$726,229,501 ",United States,726229501.0,726.23,200000000,200.0
142,Shang-Chi and the Legend of the Ten Rings,7.4,2021,September,PG-13,132,Destin Daniel Cretton,"Simu Liu, Awkwafina, Tony Chiu Wai Leung, Ben Kingsley","Action, Adventure, Fantasy",Australia,"$200,000,000 ","$432,243,292 ",United States,432243292.0,432.24,200000000,200.0
160,Godzilla vs. Kong,6.3,2021,March,PG-13,113,Adam Wingard,"Alexander Skarsg rd, Millie Bobby Brown, Rebecca Hall, Brian Tyree Henry","Action, Sci-Fi, Thriller",Australia,"$200,000,000 ","$470,067,014 ",United States,470067014.0,470.07,200000000,200.0
169,Venom: Let There Be Carnage,5.9,2021,October,PG-13,97,Andy Serkis,"Tom Hardy, Woody Harrelson, Michelle Williams, Naomie Harris","Action, Adventure, Sci-Fi",UK,"$110,000,000 ","$506,863,592 ","United States, China",506863592.0,506.86,110000000,110.0
202,Tenet,7.3,2020,September,PG-13,150,Christopher Nolan,"John David Washington, Robert Pattinson, Elizabeth Debicki, Juhan Ulfsak","Action, Sci-Fi, Thriller",Estonia,"$205,000,000 ","$365,294,355 ","United States, United Kingdom",365294355.0,365.29,205000000,205.0
229,Sonic the Hedgehog,6.5,2020,February,PG,99,Jeff Fowler,"Ben Schwartz, James Marsden, Jim Carrey, Tika Sumpter","Action, Adventure, Comedy",Canada,"$85,000,000 ","$319,715,683 ","United States, Japan, Canada",319715683.0,319.72,85000000,85.0
276,Bad Boys for Life,6.5,2020,January,R,124,"Adil El Arbi, Bilall Fallah","Will Smith, Martin Lawrence, Vanessa Hudgens, Alexander Ludwig","Action, Comedy, Crime",Mexico,"$90,000,000 ","$426,505,244 ",United States,426505244.0,426.51,90000000,90.0
300,Knives Out,7.9,2019,November,PG-13,130,Rian Johnson,"Daniel Craig, Chris Evans, Ana de Armas, Jamie Lee Curtis","Comedy, Crime, Drama",USA,"$40,000,000 ","$312,897,920 ",United States,312897920.0,312.9,40000000,40.0
303,Once Upon a Time in Hollywood,7.6,2019,July,R,161,Quentin Tarantino,"Leonardo DiCaprio, Brad Pitt, Margot Robbie, Emile Hirsch","Comedy, Drama",USA,"$90,000,000 ","$377,617,598 ","United States, United Kingdom, China",377617598.0,377.62,90000000,90.0
305,Avengers: Endgame,8.4,2019,April,PG-13,181,"Anthony Russo, Joe Russo","Robert Downey Jr , Chris Evans, Mark Ruffalo, Chris Hemsworth","Action, Adventure, Drama",UK,"$356,000,000 ","$2,797,501,328 ",United States,2797501328.0,2797.5,356000000,356.0
306,Joker,8.4,2019,October,R,122,Todd Phillips,"Joaquin Phoenix, Robert De Niro, Zazie Beetz, Frances Conroy","Crime, Drama, Thriller",USA,"$55,000,000 ","$1,074,458,282 ","United States, Canada",1074458282.0,1074.46,55000000,55.0
308,Parasite,8.5,2019,November,R,132,Bong Joon Ho,"Song Kang ho, Lee Sun kyun, Cho Yeo jeong, Choi Woo sik","Drama, Thriller",South Korea,"$11,400,000 ","$262,676,096 ",South Korea,262676096.0,262.68,11400000,11.4
313,Alita: Battle Angel,7.3,2019,February,PG-13,122,Robert Rodriguez,"Rosa Salazar, Christoph Waltz, Jennifer Connelly, Mahershala Ali","Action, Adventure, Sci-Fi",USA,"$170,000,000 ","$404,980,543 ","Japan, Canada, United States",404980543.0,404.98,170000000,170.0
314,1917,8.2,2019,January,R,119,Sam Mendes,"Dean Charles Chapman, George MacKay, Daniel Mays, Colin Firth","Action, Drama, War",UK,"$95,000,000 ","$384,576,334 ","United Kingdom, United States, India, Spain",384576334.0,384.58,95000000,95.0
316,Star Wars: The Rise Of Skywalker,6.5,2019,December,PG-13,141,J J Abrams,"Daisy Ridley, John Boyega, Oscar Isaac, Adam Driver","Action, Adventure, Fantasy",Jordan,"$275,000,000 ","$1,074,149,279 ",United States,1074149279.0,1074.15,275000000,275.0
318,Terminator: Dark Fate,6.2,2019,November,R,128,Tim Miller,"Linda Hamilton, Arnold Schwarzenegger, Mackenzie Davis, Natalia Reyes","Action, Adventure, Sci-Fi",Spain,"$185,000,000 ","$261,119,292 ","United States, Spain, Hungary",261119292.0,261.12,185000000,185.0
320,Shazam!,7.0,2019,April,PG-13,132,David F Sandberg,"Zachary Levi, Mark Strong, Asher Angel, Jack Dylan Grazer","Action, Adventure, Comedy",Canada,"$100,000,000 ","$366,080,049 ","United States, Canada",366080049.0,366.08,100000000,100.0
330,John Wick: Chapter 3 - Parabellum,7.4,2019,May,R,130,Chad Stahelski,"Keanu Reeves, Halle Berry, Ian McShane, Laurence Fishburne","Action, Crime, Thriller",Morocco,"$75,000,000 ","$328,349,387 ",United States,328349387.0,328.35,75000000,75.0
335,Frozen II,6.8,2019,November,PG,103,"Chris Buck, Jennifer Lee","Kristen Bell, Idina Menzel, Josh Gad, Jonathan Groff","Animation, Adventure, Comedy",USA,"$150,000,000 ","$1,450,026,933 ",United States,1450026933.0,1450.03,150000000,150.0
337,Aladdin,6.9,2019,May,PG,128,Guy Ritchie,"Will Smith, Mena Massoud, Naomi Scott, Marwan Kenzari","Adventure, Comedy, Family",Jordan,"$183,000,000 ","$1,050,693,953 ","United States, United Kingdom",1050693953.0,1050.69,183000000,183.0
339,Captain Marvel,6.8,2019,March,PG-13,123,"Anna Boden, Ryan Fleck","Brie Larson, Samuel L Jackson, Ben Mendelsohn, Jude Law","Action, Adventure, Sci-Fi",USA,"$160,000,000 ","$1,128,462,972 ","United States, Australia",1128462972.0,1128.46,160000000,160.0
341,Spider-Man: Far from Home,7.4,2019,July,PG-13,129,Jon Watts,"Tom Holland, Samuel L Jackson, Jake Gyllenhaal, Marisa Tomei","Action, Adventure, Sci-Fi",Czech Republic,"$160,000,000 ","$1,131,927,996 ",United States,1131927996.0,1131.93,160000000,160.0
344,The Lion King,6.8,2019,July,PG,118,Jon Favreau,"Donald Glover, Beyonc , Seth Rogen, Chiwetel Ejiofor","Animation, Adventure, Drama",South Africa,"$260,000,000 ","$1,663,250,487 ","United States, United Kingdom",1663250487.0,1663.25,260000000,260.0
345,Jumanji: The Next Level,6.7,2019,December,PG-13,123,Jake Kasdan,"Dwayne Johnson, Jack Black, Kevin Hart, Karen Gillan","Action, Adventure, Comedy",Canada,"$125,000,000 ","$801,693,929 ",United States,801693929.0,801.69,125000000,125.0
350,It Chapter Two,6.5,2019,September,R,169,Andy Muschietti,"Jessica Chastain, James McAvoy, Bill Hader, Isaiah Mustafa","Drama, Fantasy, Horror",Canada,"$79,000,000 ","$473,122,525 ","United States, Canada",473122525.0,473.12,79000000,79.0
354,Fast & Furious Presents: Hobbs & Shaw,6.5,2019,August,PG-13,137,David Leitch,"Dwayne Johnson, Jason Statham, Idris Elba, Vanessa Kirby","Action, Adventure, Thriller",USA,"$200,000,000 ","$760,732,926 ","United States, Japan",760732926.0,760.73,200000000,200.0
360,Toy Story 4,7.7,2019,June,G,100,Josh Cooley,"Tom Hanks, Tim Allen, Annie Potts, Tony Hale","Animation, Adventure, Comedy",USA,"$200,000,000 ","$1,073,394,593 ",United States,1073394593.0,1073.39,200000000,200.0
385,Godzilla: King of the Monsters,6.0,2019,May,PG-13,132,Michael Dougherty,"Kyle Chandler, Vera Farmiga, Millie Bobby Brown, Ken Watanabe","Action, Adventure, Fantasy",Mexico,"$170,000,000 ","$386,600,138 ","United States, Japan, Mexico",386600138.0,386.6,170000000,170.0
400,The Grinch,6.3,2018,November,PG,85,"Yarrow Cheney, Scott Mosier","Benedict Cumberbatch, Cameron Seely, Rashida Jones, Pharrell Williams","Animation, Comedy, Family",USA,"$75,000,000 ","$513,488,839 ",United States,513488839.0,513.49,75000000,75.0
401,Spider-Man: Into the Spider-Verse,8.4,2018,December,PG,117,"Bob Persichetti, Peter Ramsey, Rodney Rothman","Shameik Moore, Jake Johnson, Hailee Steinfeld, Mahershala Ali","Animation, Action, Adventure",Unknown,"$90,000,000 ","$384,256,930 ",United States,384256930.0,384.26,90000000,90.0
403,Black Panther,7.3,2018,February,PG-13,134,Ryan Coogler,"Chadwick Boseman, Michael B Jordan, Lupita Nyong o, Danai Gurira","Action, Adventure, Sci-Fi",Argentina,"$200,000,000 ","$1,382,248,826 ",United States,1382248826.0,1382.25,200000000,200.0
405,Avengers: Infinity War,8.4,2018,April,PG-13,149,"Anthony Russo, Joe Russo","Robert Downey Jr , Chris Hemsworth, Mark Ruffalo, Chris Evans","Action, Adventure, Sci-Fi",UK,"$321,000,000 ","$2,048,359,754 ",United States,2048359754.0,2048.36,321000000,321.0
406,A Quiet Place,7.5,2018,April,PG-13,90,John Krasinski,"Emily Blunt, John Krasinski, Millicent Simmonds, Noah Jupe","Drama, Horror, Sci-Fi",USA,"$17,000,000 ","$340,952,971 ",United States,340952971.0,340.95,17000000,17.0
409,Deadpool 2,7.7,2018,May,R,119,David Leitch,"Ryan Reynolds, Josh Brolin, Morena Baccarin, Julian Dennison","Action, Adventure, Comedy",Canada,"$110,000,000 ","$785,896,609 ",United States,785896609.0,785.9,110000000,110.0
411,Green Book,8.2,2018,November,PG-13,130,Peter Farrelly,"Viggo Mortensen, Mahershala Ali, Linda Cardellini, Sebastian Maniscalco","Biography, Comedy, Drama",USA,"$23,000,000 ","$321,752,656 ","United States, China",321752656.0,321.75,23000000,23.0
413,A Star Is Born,7.6,2018,October,R,136,Bradley Cooper,"Lady Gaga, Bradley Cooper, Sam Elliott, Greg Grunberg","Drama, Music, Romance",UK,"$36,000,000 ","$436,233,122 ",United States,436233122.0,436.23,36000000,36.0
415,Aquaman,6.8,2018,December,PG-13,143,James Wan,"Jason Momoa, Amber Heard, Willem Dafoe, Patrick Wilson","Action, Adventure, Fantasy",Italy,"$160,000,000 ","$1,148,528,393 ","United States, Australia",1148528393.0,1148.53,160000000,160.0
416,Ready Player One,7.4,2018,March,PG-13,140,Steven Spielberg,"Tye Sheridan, Olivia Cooke, Ben Mendelsohn, Lena Waithe","Action, Adventure, Sci-Fi",UK,"$175,000,000 ","$582,918,849 ","United States, India",582918849.0,582.92,175000000,175.0
417,Mission: Impossible - Fallout,7.7,2018,July,PG-13,147,Christopher McQuarrie,"Tom Cruise, Henry Cavill, Ving Rhames, Simon Pegg","Action, Adventure, Thriller",Norway,"$178,000,000 ","$791,657,398 ","United States, China, France, Norway, United Kingdom",791657398.0,791.66,178000000,178.0
419,Bohemian Rhapsody,7.9,2018,November,PG-13,134,Bryan Singer,"Rami Malek, Lucy Boynton, Gwilym Lee, Ben Hardy","Biography, Drama, Music",UK,"$52,000,000 ","$910,809,311 ","United Kingdom, United States",910809311.0,910.81,52000000,52.0
420,Solo: A Star Wars Story,6.9,2018,May,PG-13,135,Ron Howard,"Alden Ehrenreich, Woody Harrelson, Emilia Clarke, Donald Glover","Action, Adventure, Sci-Fi",Spain,"$275,000,000 ","$392,924,807 ",United States,392924807.0,392.92,275000000,275.0
422,Bumblebee,6.7,2018,December,PG-13,114,Travis Knight,"Hailee Steinfeld, Jorge Lendeborg Jr , John Cena, Jason Drucker","Action, Adventure, Sci-Fi",USA,"$135,000,000 ","$467,989,645 ","China, United States",467989645.0,467.99,135000000,135.0
423,Fifty Shades Freed,4.5,2018,February,R,105,James Foley,"Dakota Johnson, Jamie Dornan, Eric Johnson, Eloise Mumford","Drama, Romance, Thriller",USA,"$55,000,000 ","$371,985,018 ","United States, China",371985018.0,371.99,55000000,55.0
426,Venom,6.6,2018,October,PG-13,112,Ruben Fleischer,"Tom Hardy, Michelle Williams, Riz Ahmed, Scott Haze","Action, Adventure, Sci-Fi",USA,"$100,000,000 ","$856,085,151 ","United States, China",856085151.0,856.09,100000000,100.0
429,Incredibles 2,7.6,2018,June,PG,118,Brad Bird,"Craig T Nelson, Holly Hunter, Sarah Vowell, Huck Milner","Animation, Action, Adventure",USA,"$200,000,000 ","$1,243,089,244 ",United States,1243089244.0,1243.09,200000000,200.0
432,The Meg,5.6,2018,August,PG-13,113,Jon Turteltaub,"Jason Statham, Bingbing Li, Rainn Wilson, Cliff Curtis","Action, Horror, Sci-Fi",New Zealand,"$130,000,000 ","$530,517,320 ","United States, China",530517320.0,530.52,130000000,130.0
439,Ocean's Eight,6.3,2018,June,PG-13,110,Gary Ross,"Sandra Bullock, Cate Blanchett, Anne Hathaway, Mindy Kaling","Action, Comedy, Crime",USA,"$70,000,000 ","$297,795,726 ",United States,297795726.0,297.8,70000000,70.0
441,Fantastic Beasts: The Crimes of Grindelwald,6.5,2018,November,PG-13,134,David Yates,"Eddie Redmayne, Katherine Waterston, Dan Fogler, Johnny Depp","Adventure, Family, Fantasy",UK,"$200,000,000 ","$654,855,901 ","United Kingdom, United States",654855901.0,654.86,200000000,200.0
449,Maze Runner: The Death Cure,6.2,2018,January,PG-13,143,Wes Ball,"Dylan O Brien, Ki Hong Lee, Kaya Scodelario, Thomas Brodie Sangster","Action, Adventure, Sci-Fi",South Africa,"$62,000,000 ","$288,175,335 ",United States,288175335.0,288.18,62000000,62.0
450,Jurassic World: Fallen Kingdom,6.1,2018,June,PG-13,128,J A Bayona,"Chris Pratt, Bryce Dallas Howard, Rafe Spall, Justice Smith","Action, Adventure, Sci-Fi",UK,"$170,000,000 ","$1,310,466,296 ","United States, China",1310466296.0,1310.47,170000000,170.0
451,Tomb Raider,6.3,2018,March,PG-13,119,Roar Uthaug,"Alicia Vikander, Dominic West, Walton Goggins, Daniel Wu","Action, Adventure, Fantasy",South Africa,"$94,000,000 ","$274,650,803 ","United Kingdom, United States",274650803.0,274.65,94000000,94.0
466,The Nun,5.3,2018,September,R,96,Corin Hardy,"Demi n Bichir, Taissa Farmiga, Jonas Bloquet, Bonnie Aarons","Horror, Mystery, Thriller",Romania,"$22,000,000 ","$365,582,797 ",United States,365582797.0,365.58,22000000,22.0
467,Ant-Man and the Wasp,7.0,2018,July,PG-13,118,Peyton Reed,"Paul Rudd, Evangeline Lilly, Michael Pe a, Walton Goggins","Action, Adventure, Comedy",USA,"$162,000,000 ","$622,674,139 ","United States, Canada",622674139.0,622.67,162000000,162.0
478,Mamma Mia! Here We Go Again,6.6,2018,July,PG-13,114,Ol Parker,"Lily James, Amanda Seyfried, Meryl Streep, Cher","Comedy, Musical, Romance",Croatia,"$75,000,000 ","$402,264,843 ","United Kingdom, United States, Japan, China, Croatia",402264843.0,402.26,75000000,75.0
482,Mary Poppins Returns,6.7,2018,December,PG,130,Rob Marshall,"Emily Blunt, Lin Manuel Miranda, Ben Whishaw, Emily Mortimer","Adventure, Comedy, Family",UK,"$130,000,000 ","$349,546,142 ",United States,349546142.0,349.55,130000000,130.0
489,Rampage,6.1,2018,April,PG-13,107,Brad Peyton,"Dwayne Johnson, Naomie Harris, Malin Akerman, Jeffrey Dean Morgan","Action, Adventure, Sci-Fi",USA,"$120,000,000 ","$428,028,233 ",United States,428028233.0,428.03,120000000,120.0
498,Pacific Rim: Uprising,5.6,2018,March,PG-13,111,Steven S DeKnight,"John Boyega, Scott Eastwood, Cailee Spaeny, Burn Gorman","Action, Adventure, Fantasy",Australia,"$150,000,000 ","$290,930,148 ","United Kingdom, China, Japan, United States, Mexico",290930148.0,290.93,150000000,150.0
501,Blade Runner 2049,8.0,2017,October,R,164,Denis Villeneuve,"Harrison Ford, Ryan Gosling, Ana de Armas, Dave Bautista","Action, Drama, Mystery",Hungary,"$150,000,000 ","$267,770,708 ","United States, United Kingdom, Canada, Spain",267770708.0,267.77,150000000,150.0
502,Murder on the Orient Express,6.5,2017,November,PG-13,114,Kenneth Branagh,"Kenneth Branagh, Pen lope Cruz, Willem Dafoe, Judi Dench","Crime, Drama, Mystery",Malta,"$55,000,000 ","$352,794,081 ","United Kingdom, Malta, United States",352794081.0,352.79,55000000,55.0
504,Beauty and the Beast,7.1,2017,March,PG,129,Bill Condon,"Emma Watson, Dan Stevens, Luke Evans, Josh Gad","Adventure, Family, Fantasy",UK,"$160,000,000 ","$1,305,611,599 ",United States,1305611599.0,1305.61,160000000,160.0
506,Logan,8.1,2017,March,R,137,James Mangold,"Hugh Jackman, Patrick Stewart, Dafne Keen, Boyd Holbrook","Action, Drama, Sci-Fi",USA,"$97,000,000 ","$619,179,950 ",United States,619179950.0,619.18,97000000,97.0
507,Transformers: The Last Knight,5.2,2017,June,PG-13,154,Michael Bay,"Mark Wahlberg, Anthony Hopkins, Josh Duhamel, Laura Haddock","Action, Adventure, Sci-Fi",UK,"$217,000,000 ","$605,425,157 ","United States, China, Canada",605425157.0,605.43,217000000,217.0
512,It,7.3,2017,September,R,135,Andy Muschietti,"Bill Skarsg rd, Jaeden Martell, Finn Wolfhard, Sophia Lillis",Horror,USA,"$35,000,000 ","$701,842,551 ","United States, Canada",701842551.0,701.84,35000000,35.0
513,Dunkirk,7.8,2017,July,PG-13,106,Christopher Nolan,"Fionn Whitehead, Barry Keoghan, Mark Rylance, Tom Hardy","Action, Drama, History",Netherlands,"$100,000,000 ","$527,016,307 ","United Kingdom, Netherlands, France, United States",527016307.0,527.02,100000000,100.0
514,Guardians of the Galaxy Vol. 2,7.6,2017,May,PG-13,136,James Gunn,"Chris Pratt, Zoe Saldana, Dave Bautista, Vin Diesel","Action, Adventure, Comedy",USA,"$200,000,000 ","$863,756,051 ",United States,863756051.0,863.76,200000000,200.0
516,Wonder Woman,7.4,2017,June,PG-13,141,Patty Jenkins,"Gal Gadot, Chris Pine, Robin Wright, Lucy Davis","Action, Adventure, Fantasy",Italy,"$149,000,000 ","$822,854,286 ","United States, China",822854286.0,822.85,149000000,149.0
518,The Greatest Showman,7.5,2017,December,PG,105,Michael Gracey,"Hugh Jackman, Michelle Williams, Zac Efron, Zendaya","Biography, Drama, Musical",USA,"$84,000,000 ","$435,732,529 ",United States,435732529.0,435.73,84000000,84.0
521,Star Wars: Episode VIII - The Last Jedi,6.9,2017,December,PG-13,152,Rian Johnson,"Daisy Ridley, John Boyega, Mark Hamill, Carrie Fisher","Action, Adventure, Fantasy",Bolivia,"$317,000,000 ","$1,332,698,830 ",United States,1332698830.0,1332.7,317000000,317.0
524,Spider-Man: Homecoming,7.4,2017,July,PG-13,133,Jon Watts,"Tom Holland, Michael Keaton, Robert Downey Jr , Marisa Tomei","Action, Adventure, Sci-Fi",Germany,"$175,000,000 ","$880,166,924 ",United States,880166924.0,880.17,175000000,175.0
526,Thor: Ragnarok,7.9,2017,November,PG-13,130,Taika Waititi,"Chris Hemsworth, Tom Hiddleston, Cate Blanchett, Mark Ruffalo","Action, Adventure, Comedy",Australia,"$180,000,000 ","$853,983,879 ","United States, Australia",853983879.0,853.98,180000000,180.0
527,Coco,8.4,2017,November,PG,105,"Lee Unkrich, Adrian Molina","Anthony Gonzalez, Gael Garc a Bernal, Benjamin Bratt, Alanna Ubach","Animation, Adventure, Comedy",USA,"$175,000,000 ","$807,817,888 ",United States,807817888.0,807.82,175000000,175.0
529,Jumanji: Welcome to the Jungle,6.9,2017,December,PG-13,119,Jake Kasdan,"Dwayne Johnson, Karen Gillan, Kevin Hart, Jack Black","Action, Adventure, Comedy",USA,"$90,000,000 ","$995,339,117 ",United States,995339117.0,995.34,90000000,90.0
533,Pirates of the Caribbean: Dead Men Tell No Tales,6.5,2017,May,PG-13,129,"Joachim R nning, Espen Sandberg","Johnny Depp, Geoffrey Rush, Javier Bardem, Orlando Bloom","Action, Adventure, Fantasy",Australia,"$230,000,000 ","$794,881,442 ","United States, Australia, United Kingdom, Canada",794881442.0,794.88,230000000,230.0
535,Justice League,6.1,2017,November,PG-13,120,Zack Snyder,"Ben Affleck, Gal Gadot, Jason Momoa, Ezra Miller","Action, Adventure, Fantasy",Iceland,"$300,000,000 ","$657,926,987 ","United States, Canada, United Kingdom",657926987.0,657.93,300000000,300.0
548,Wonder,7.9,2017,November,PG,113,Stephen Chbosky,"Jacob Tremblay, Owen Wilson, Izabela Vidovic, Julia Roberts","Drama, Family",Canada,"$20,000,000 ","$315,025,930 ","United States, Hong Kong, Canada",315025930.0,315.03,20000000,20.0
550,The Mummy,5.4,2017,June,PG-13,110,Alex Kurtzman,"Tom Cruise, Sofia Boutella, Annabelle Wallis, Russell Crowe","Action, Adventure, Fantasy",UK,"$125,000,000 ","$409,231,607 ","United States, China, Japan",409231607.0,409.23,125000000,125.0
553,Kingsman: The Golden Circle,6.7,2017,September,R,141,Matthew Vaughn,"Taron Egerton, Colin Firth, Mark Strong, Channing Tatum","Action, Adventure, Comedy",Italy,"$104,000,000 ","$410,902,662 ","United Kingdom, United States",410902662.0,410.9,104000000,104.0
556,Fifty Shades Darker,4.6,2017,February,R,118,James Foley,"Dakota Johnson, Jamie Dornan, Eric Johnson, Eloise Mumford","Drama, Romance, Thriller",Canada,"$55,000,000 ","$381,545,846 ","United States, China, Japan",381545846.0,381.55,55000000,55.0
562,War for the Planet of the Apes,7.4,2017,July,PG-13,140,Matt Reeves,"Andy Serkis, Woody Harrelson, Steve Zahn, Karin Konoval","Action, Adventure, Drama",Canada,"$150,000,000 ","$490,719,763 ",United States,490719763.0,490.72,150000000,150.0
571,Kong: Skull Island,6.6,2017,March,PG-13,118,Jordan Vogt Roberts,"Tom Hiddleston, Samuel L Jackson, Brie Larson, John C Reilly","Action, Adventure, Fantasy",Vietnam,"$185,000,000 ","$566,652,812 ","United States, China",566652812.0,566.65,185000000,185.0
576,The Fate of the Furious,6.6,2017,April,PG-13,136,F Gary Gray,"Vin Diesel, Jason Statham, Dwayne Johnson, Michelle Rodriguez","Action, Crime, Thriller",USA,"$250,000,000 ","$1,236,005,118 ","United States, China, Japan",1236005118.0,1236.01,250000000,250.0
601,Rogue One: A Star Wars Story,7.8,2016,December,PG-13,133,Gareth Edwards,"Felicity Jones, Diego Luna, Alan Tudyk, Donnie Yen","Action, Adventure, Sci-Fi",Iceland,"$200,000,000 ","$1,058,682,142 ",United States,1058682142.0,1058.68,200000000,200.0
603,Split,7.3,2016,January,PG-13,117,M Night Shyamalan,"James McAvoy, Anya Taylor Joy, Haley Lu Richardson, Jessica Sula","Horror, Thriller",USA,"$9,000,000 ","$278,454,417 ","United States, Japan",278454417.0,278.45,9000000,9.0
609,La La Land,8.0,2016,December,PG-13,128,Damien Chazelle,"Ryan Gosling, Emma Stone, Rosemarie DeWitt, J K Simmons","Comedy, Drama, Music",USA,"$30,000,000 ","$471,227,161 ","United States, Hong Kong",471227161.0,471.23,30000000,30.0
610,Suicide Squad,5.9,2016,August,PG-13,123,David Ayer,"Will Smith, Jared Leto, Margot Robbie, Viola Davis","Action, Adventure, Fantasy",Canada,"$175,000,000 ","$746,846,894 ",United States,746846894.0,746.85,175000000,175.0
611,Deadpool,8.0,2016,February,R,108,Tim Miller,"Ryan Reynolds, Morena Baccarin, T J Miller, Ed Skrein","Action, Adventure, Comedy",Canada,"$58,000,000 ","$782,836,791 ",United States,782836791.0,782.84,58000000,58.0
616,Sing,7.1,2016,December,PG,108,"Garth Jennings, Christophe Lourdelet","Matthew McConaughey, Reese Witherspoon, Seth MacFarlane, Scarlett Johansson","Animation, Comedy, Family",USA,"$75,000,000 ","$634,338,384 ","Japan, United States, France",634338384.0,634.34,75000000,75.0
618,Zootopia,8.0,2016,March,PG,108,"Byron Howard, Rich Moore, Jared Bush","Ginnifer Goodwin, Jason Bateman, Idris Elba, Jenny Slate","Animation, Adventure, Comedy",USA,"$150,000,000 ","$1,042,533,689 ",United States,1042533689.0,1042.53,150000000,150.0
622,Batman v Superman: Dawn of Justice,6.4,2016,March,PG-13,151,Zack Snyder,"Ben Affleck, Henry Cavill, Amy Adams, Jesse Eisenberg","Action, Adventure, Sci-Fi",USA,"$250,000,000 ","$873,637,528 ",United States,873637528.0,873.64,250000000,250.0
626,Moana,7.6,2016,November,PG,107,"Ron Clements, John Musker, Don Hall, Chris Williams","Auli i Cravalho, Dwayne Johnson, Rachel House, Temuera Morrison","Animation, Adventure, Comedy",Polynesia,"$150,000,000 ","$665,069,139 ",United States,665069139.0,665.07,150000000,150.0
630,Miss Peregrine's Home for Peculiar Children,6.7,2016,September,PG-13,127,Tim Burton,"Eva Green, Asa Butterfield, Samuel L Jackson, Judi Dench","Adventure, Drama, Family",Belgium,"$110,000,000 ","$296,482,446 ","United States, United Kingdom, Belgium, Canada",296482446.0,296.48,110000000,110.0
634,Doctor Strange,7.5,2016,November,PG-13,115,Scott Derrickson,"Benedict Cumberbatch, Chiwetel Ejiofor, Rachel McAdams, Benedict Wong","Action, Adventure, Fantasy",Nepal,"$165,000,000 ","$677,796,076 ",United States,677796076.0,677.8,165000000,165.0
635,Captain America: Civil War,7.8,2016,May,PG-13,147,"Anthony Russo, Joe Russo","Chris Evans, Robert Downey Jr , Scarlett Johansson, Sebastian Stan","Action, Adventure, Sci-Fi",Puerto Rico,"$250,000,000 ","$1,153,337,496 ",United States,1153337496.0,1153.34,250000000,250.0
636,Passengers,7.0,2016,December,PG-13,116,Morten Tyldum,"Jennifer Lawrence, Chris Pratt, Michael Sheen, Laurence Fishburne","Drama, Romance, Sci-Fi",USA,"$110,000,000 ","$303,144,152 ","United States, Australia",303144152.0,303.14,110000000,110.0
639,Fantastic Beasts and Where to Find Them,7.2,2016,November,PG-13,132,David Yates,"Eddie Redmayne, Katherine Waterston, Alison Sudol, Dan Fogler","Adventure, Family, Fantasy",UK,"$180,000,000 ","$814,044,001 ","United Kingdom, United States",814044001.0,814.04,180000000,180.0
640,Warcraft,6.7,2016,June,PG-13,123,Duncan Jones,"Travis Fimmel, Paula Patton, Ben Foster, Dominic Cooper","Action, Adventure, Fantasy",Canada,"$160,000,000 ","$439,048,914 ","China, United States, Canada, Japan",439048914.0,439.05,160000000,160.0
642,X-Men: Apocalypse,6.9,2016,May,PG-13,144,Bryan Singer,"James McAvoy, Michael Fassbender, Jennifer Lawrence, Nicholas Hoult","Action, Adventure, Sci-Fi",Canada,"$178,000,000 ","$543,934,105 ",United States,543934105.0,543.93,178000000,178.0
643,Star Trek Beyond,7.0,2016,July,PG-13,122,Justin Lin,"Chris Pine, Zachary Quinto, Karl Urban, Zoe Saldana","Action, Adventure, Sci-Fi",United Arab Emirates,"$185,000,000 ","$343,471,816 ","United States, China",343471816.0,343.47,185000000,185.0
654,Independence Day: Resurgence,5.2,2016,June,PG-13,120,Roland Emmerich,"Liam Hemsworth, Jeff Goldblum, Bill Pullman, Maika Monroe","Action, Adventure, Sci-Fi",USA,"$165,000,000 ","$389,681,935 ",United States,389681935.0,389.68,165000000,165.0
655,The Legend of Tarzan,6.2,2016,July,PG-13,110,David Yates,"Alexander Skarsg rd, Rory J Saper, Christian Stevens, Christoph Waltz","Action, Adventure, Drama",Gabon,"$180,000,000 ","$356,700,357 ","United Kingdom, Canada, United States, Australia",356700357.0,356.7,180000000,180.0
659,The Conjuring 2,7.3,2016,June,R,134,James Wan,"Vera Farmiga, Patrick Wilson, Madison Wolfe, Frances O Connor","Horror, Mystery, Thriller",UK,"$40,000,000 ","$321,834,351 ","Canada, United States, United Kingdom",321834351.0,321.83,40000000,40.0
660,Jason Bourne,6.6,2016,July,PG-13,123,Paul Greengrass,"Matt Damon, Tommy Lee Jones, Alicia Vikander, Vincent Cassel","Action, Thriller",Spain,"$120,000,000 ","$415,484,914 ","United States, China, Spain, Japan, Germany",415484914.0,415.48,120000000,120.0
666,Now You See Me 2,6.4,2016,June,PG-13,129,Jon M Chu,"Jesse Eisenberg, Mark Ruffalo, Woody Harrelson, Dave Franco","Action, Adventure, Comedy",China,"$90,000,000 ","$334,897,606 ","United States, France, Hong Kong",334897606.0,334.9,90000000,90.0
676,The Jungle Book,7.4,2016,April,PG,106,Jon Favreau,"Neel Sethi, Bill Murray, Ben Kingsley, Idris Elba","Adventure, Drama, Family",USA,"$175,000,000 ","$966,554,929 ","United Kingdom, United States",966554929.0,966.55,175000000,175.0
677,Trolls,6.4,2016,November,PG,92,"Mike Mitchell, Walt Dohrn","Anna Kendrick, Justin Timberlake, Zooey Deschanel, Christopher Mintz Plasse","Animation, Adventure, Comedy",USA,"$125,000,000 ","$347,182,886 ",United States,347182886.0,347.18,125000000,125.0
679,The Great Wall,5.9,2016,February,PG-13,103,Yimou Zhang,"Matt Damon, Tian Jing, Willem Dafoe, Andy Lau","Action, Adventure, Fantasy",New Zealand,"$150,000,000 ","$334,933,831 ","United States, China, Hong Kong, Australia, Canada",334933831.0,334.93,150000000,150.0
698,Kung Fu Panda 3,7.1,2016,January,PG,95,"Alessandro Carloni, Jennifer Yuh Nelson","Jack Black, Bryan Cranston, Dustin Hoffman, Angelina Jolie","Animation, Action, Adventure",Unknown,"$145,000,000 ","$521,170,825 ","China, United States",521170825.0,521.17,145000000,145.0
705,Fifty Shades of Grey,4.1,2015,February,R,125,Sam Taylor Johnson,"Dakota Johnson, Jamie Dornan, Jennifer Ehle, Eloise Mumford","Drama, Romance, Thriller",Canada,"$40,000,000 ","$569,651,467 ",United States,569651467.0,569.65,40000000,40.0
708,Mad Max: Fury Road,8.1,2015,May,R,120,George Miller,"Tom Hardy, Charlize Theron, Nicholas Hoult, Zo Kravitz","Action, Adventure, Sci-Fi",Namibia,"$150,000,000 ","$415,261,382 ",Australia,415261382.0,415.26,150000000,150.0
713,The Revenant,8.0,2015,January,R,156,Alejandro G I rritu,"Leonardo DiCaprio, Tom Hardy, Will Poulter, Domhnall Gleeson","Action, Adventure, Drama",Argentina,"$135,000,000 ","$532,950,503 ","Hong Kong, Taiwan, United States",532950503.0,532.95,135000000,135.0
714,Star Wars: Episode VII - The Force Awakens,7.8,2015,December,PG-13,138,J J Abrams,"Daisy Ridley, John Boyega, Oscar Isaac, Domhnall Gleeson","Action, Adventure, Sci-Fi",Ireland,"$245,000,000 ","$2,069,521,700 ",United States,2069521700.0,2069.52,245000000,245.0
717,The Martian,8.0,2015,October,PG-13,144,Ridley Scott,"Matt Damon, Jessica Chastain, Kristen Wiig, Kate Mara","Adventure, Drama, Sci-Fi",Jordan,"$108,000,000 ","$630,620,818 ","United States, United Kingdom, Hungary, Jordan",630620818.0,630.62,108000000,108.0
722,Avengers: Age of Ultron,7.3,2015,May,PG-13,141,Joss Whedon,"Robert Downey Jr , Chris Evans, Mark Ruffalo, Chris Hemsworth","Action, Adventure, Sci-Fi",Bangladesh,"$250,000,000 ","$1,402,809,540 ",United States,1402809540.0,1402.81,250000000,250.0
723,Jurassic World,6.9,2015,June,PG-13,124,Colin Trevorrow,"Chris Pratt, Bryce Dallas Howard, Ty Simpkins, Judy Greer","Action, Adventure, Sci-Fi",USA,"$150,000,000 ","$1,671,537,444 ",United States,1671537444.0,1671.54,150000000,150.0
725,Inside Out,8.2,2015,June,PG,95,"Pete Docter, Ronnie Del Carmen","Amy Poehler, Bill Hader, Lewis Black, Mindy Kaling","Animation, Adventure, Comedy",USA,"$175,000,000 ","$858,848,019 ",United States,858848019.0,858.85,175000000,175.0
730,Spectre,6.8,2015,November,PG-13,148,Sam Mendes,"Daniel Craig, Christoph Waltz, L a Seydoux, Ralph Fiennes","Action, Adventure, Thriller",Italy,"$245,000,000 ","$880,705,312 ","United Kingdom, United States",880705312.0,880.71,245000000,245.0
732,Pitch Perfect 2,6.4,2015,May,PG-13,115,Elizabeth Banks,"Anna Kendrick, Rebel Wilson, Hailee Steinfeld, Brittany Snow","Comedy, Music",USA,"$29,000,000 ","$287,144,079 ",United States,287144079.0,287.14,29000000,29.0
733,The Hunger Games: Mockingjay - Part 2,6.5,2015,November,PG-13,137,Francis Lawrence,"Jennifer Lawrence, Josh Hutcherson, Liam Hemsworth, Woody Harrelson","Action, Adventure, Sci-Fi",Germany,"$160,000,000 ","$653,428,261 ","United States, Germany, Canada, France",653428261.0,653.43,160000000,160.0
735,Ant-Man,7.3,2015,July,PG-13,117,Peyton Reed,"Paul Rudd, Michael Douglas, Corey Stoll, Evangeline Lilly","Action, Adventure, Comedy",USA,"$130,000,000 ","$519,311,965 ",United States,519311965.0,519.31,130000000,130.0
738,Maze Runner: The Scorch Trials,6.3,2015,September,PG-13,131,Wes Ball,"Dylan O Brien, Kaya Scodelario, Thomas Brodie Sangster, Giancarlo Esposito","Action, Adventure, Sci-Fi",USA,"$61,000,000 ","$312,296,056 ",United States,312296056.0,312.3,61000000,61.0
740,Cinderella,6.9,2015,March,PG,105,Kenneth Branagh,"Lily James, Cate Blanchett, Richard Madden, Helena Bonham Carter","Adventure, Drama, Family",UK,"$95,000,000 ","$542,358,331 ","United Kingdom, United States",542358331.0,542.36,95000000,95.0
742,Mission: Impossible - Rogue Nation,7.4,2015,July,PG-13,131,Christopher McQuarrie,"Tom Cruise, Rebecca Ferguson, Jeremy Renner, Simon Pegg","Action, Adventure, Thriller",Morocco,"$150,000,000 ","$682,716,636 ","United States, China",682716636.0,682.72,150000000,150.0
747,Terminator Genisys,6.3,2015,July,PG-13,126,Alan Taylor,"Arnold Schwarzenegger, Jason Clarke, Emilia Clarke, Jai Courtney","Action, Adventure, Sci-Fi",USA,"$155,000,000 ","$440,603,537 ","United States, Canada",440603537.0,440.6,155000000,155.0
751,San Andreas,6.1,2015,May,PG-13,114,Brad Peyton,"Dwayne Johnson, Carla Gugino, Alexandra Daddario, Colton Haynes","Action, Adventure, Thriller",USA,"$110,000,000 ","$474,009,154 ","United States, Australia",474009154.0,474.01,110000000,110.0
753,Furious 7,7.1,2015,April,PG-13,137,James Wan,"Vin Diesel, Paul Walker, Dwayne Johnson, Jason Statham","Action, Crime, Thriller",United Arab Emirates,"$190,000,000 ","$1,515,341,399 ","United States, China, Japan, Canada, United Arab Emirates",1515341399.0,1515.34,190000000,190.0
758,Minions,6.4,2015,July,PG,91,"Kyle Balda, Pierre Coffin","Sandra Bullock, Jon Hamm, Michael Keaton, Pierre Coffin","Animation, Adventure, Comedy",USA,"$74,000,000 ","$1,159,444,662 ",United States,1159444662.0,1159.44,74000000,74.0
769,The Divergent Series: Insurgent,6.2,2015,March,PG-13,119,Robert Schwentke,"Shailene Woodley, Ansel Elgort, Theo James, Kate Winslet","Action, Adventure, Sci-Fi",USA,"$110,000,000 ","$297,002,527 ","United States, Canada",297002527.0,297.0,110000000,110.0
779,Home,6.6,2015,March,PG,94,Tim Johnson,"Jim Parsons, Rihanna, Steve Martin, Jennifer Lopez","Animation, Adventure, Comedy",USA,"$135,000,000 ","$386,041,607 ",United States,386041607.0,386.04,135000000,135.0
800,Interstellar,8.6,2014,November,PG-13,169,Christopher Nolan,"Matthew McConaughey, Anne Hathaway, Jessica Chastain, Mackenzie Foy","Adventure, Drama, Sci-Fi",Iceland,"$165,000,000 ","$773,867,216 ","United States, United Kingdom, Canada",773867216.0,773.87,165000000,165.0
802,Guardians of the Galaxy,8.0,2014,August,PG-13,121,James Gunn,"Chris Pratt, Vin Diesel, Bradley Cooper, Zoe Saldana","Action, Adventure, Comedy",UK,"$170,000,000 ","$773,350,147 ",United States,773350147.0,773.35,170000000,170.0
804,Gone Girl,8.1,2014,October,R,149,David Fincher,"Ben Affleck, Rosamund Pike, Neil Patrick Harris, Tyler Perry","Drama, Mystery, Thriller",USA,"$61,000,000 ","$369,330,363 ",United States,369330363.0,369.33,61000000,61.0
805,Edge of Tomorrow,7.9,2014,June,PG-13,113,Doug Liman,"Tom Cruise, Emily Blunt, Bill Paxton, Brendan Gleeson","Action, Adventure, Sci-Fi",UK,"$178,000,000 ","$370,541,256 ","United States, Canada",370541256.0,370.54,178000000,178.0
808,The Maze Runner,6.8,2014,September,PG-13,113,Wes Ball,"Dylan O Brien, Kaya Scodelario, Will Poulter, Thomas Brodie Sangster","Action, Mystery, Sci-Fi",USA,"$34,000,000 ","$348,319,861 ","United Kingdom, United States",348319861.0,348.32,34000000,34.0
810,Kingsman: The Secret Service,7.7,2014,February,R,129,Matthew Vaughn,"Colin Firth, Taron Egerton, Samuel L Jackson, Michael Caine","Action, Adventure, Comedy",UK,"$81,000,000 ","$414,351,546 ","United Kingdom, United States",414351546.0,414.35,81000000,81.0
811,Transformers: Age of Extinction,5.6,2014,June,PG-13,165,Michael Bay,"Mark Wahlberg, Nicola Peltz Beckham, Jack Reynor, Stanley Tucci","Action, Adventure, Sci-Fi",USA,"$210,000,000 ","$1,104,054,072 ","United States, China, Hong Kong",1104054072.0,1104.05,210000000,210.0
815,Divergent,6.6,2014,March,PG-13,139,Neil Burger,"Shailene Woodley, Theo James, Kate Winslet, Jai Courtney","Action, Adventure, Mystery",USA,"$85,000,000 ","$288,885,818 ",United States,288885818.0,288.89,85000000,85.0
819,Night at the Museum: Secret of the Tomb,6.2,2014,December,PG,98,Shawn Levy,"Ben Stiller, Robin Williams, Owen Wilson, Dick Van Dyke","Adventure, Comedy, Family",UK,"$127,000,000 ","$363,204,635 ","United Kingdom, United States",363204635.0,363.2,127000000,127.0
820,Captain America: The Winter Soldier,7.8,2014,April,PG-13,136,"Anthony Russo, Joe Russo","Chris Evans, Samuel L Jackson, Scarlett Johansson, Robert Redford","Action, Adventure, Sci-Fi",USA,"$170,000,000 ","$714,421,503 ",United States,714421503.0,714.42,170000000,170.0
822,American Sniper,7.3,2014,January,R,133,Clint Eastwood,"Bradley Cooper, Sienna Miller, Kyle Gallner, Cole Konis","Action, Biography, Drama",USA,"$58,800,000 ","$547,459,020 ",United States,547459020.0,547.46,58800000,58.8
826,22 Jump Street,7.0,2014,June,R,112,"Phil Lord, Christopher Miller","Channing Tatum, Jonah Hill, Ice Cube, Nick Offerman","Action, Comedy, Crime",Puerto Rico,"$50,000,000 ","$331,333,876 ",United States,331333876.0,331.33,50000000,50.0
831,The Hobbit: The Battle of the Five Armies,7.4,2014,December,PG-13,144,Peter Jackson,"Ian McKellen, Martin Freeman, Richard Armitage, Cate Blanchett","Adventure, Fantasy",New Zealand,"$250,000,000 ","$962,201,338 ","New Zealand, United States",962201338.0,962.2,250000000,250.0
833,Teenage Mutant Ninja Turtles,5.8,2014,August,PG-13,101,Jonathan Liebesman,"Megan Fox, Will Arnett, William Fichtner, Noel Fisher","Action, Adventure, Comedy",USA,"$125,000,000 ","$485,004,754 ",United States,485004754.0,485.0,125000000,125.0
838,300: Rise of an Empire,6.2,2014,March,R,102,Noam Murro,"Sullivan Stapleton, Eva Green, Lena Headey, Hans Matheson","Action, Drama",Bulgaria,"$110,000,000 ","$337,580,051 ",United States,337580051.0,337.58,110000000,110.0
839,X-Men: Days of Future Past,7.9,2014,May,PG-13,132,Bryan Singer,"Patrick Stewart, Ian McKellen, Hugh Jackman, James McAvoy","Action, Adventure, Sci-Fi",Canada,"$200,000,000 ","$746,045,700 ","United Kingdom, United States",746045700.0,746.05,200000000,200.0
842,The Lego Movie,7.7,2014,February,PG,100,"Phil Lord, Christopher Miller","Chris Pratt, Will Ferrell, Elizabeth Banks, Will Arnett","Animation, Action, Adventure",Australia,"$60,000,000 ","$468,266,122 ","United States, Denmark, Australia",468266122.0,468.27,60000000,60.0
843,Godzilla,6.4,2014,May,PG-13,123,Gareth Edwards,"Aaron Taylor Johnson, Elizabeth Olsen, Bryan Cranston, Ken Watanabe","Action, Adventure, Sci-Fi",Canada,"$160,000,000 ","$524,976,069 ","United States, Japan",524976069.0,524.98,160000000,160.0
846,The Fault in Our Stars,7.7,2014,June,PG-13,126,Josh Boone,"Shailene Woodley, Ansel Elgort, Nat Wolff, Laura Dern","Drama, Romance",Netherlands,"$12,000,000 ","$307,166,834 ",United States,307166834.0,307.17,12000000,12.0
847,Lucy,6.4,2014,July,R,89,Luc Besson,"Scarlett Johansson, Morgan Freeman, Choi Min sik, Amr Waked","Action, Sci-Fi, Thriller",Taiwan,"$40,000,000 ","$469,058,574 ","France, Germany, Taiwan, Canada, United States, United Kingdom",469058574.0,469.06,40000000,40.0
852,The Amazing Spider-Man 2,6.6,2014,May,PG-13,142,Marc Webb,"Andrew Garfield, Emma Stone, Jamie Foxx, Paul Giamatti","Action, Adventure, Sci-Fi",USA,"$200,000,000 ","$708,982,323 ",United States,708982323.0,708.98,200000000,200.0
853,Paddington,7.3,2014,January,PG,95,Paul King,"Hugh Bonneville, Sally Hawkins, Julie Walters, Jim Broadbent","Adventure, Comedy, Family",Costa Rica,"$55,000,000 ","$282,377,683 ","United Kingdom, France, United States, China",282377683.0,282.38,55000000,55.0
855,Neighbors,6.3,2014,May,R,97,Nicholas Stoller,"Seth Rogen, Rose Byrne, Zac Efron, Lisa Kudrow",Comedy,USA,"$18,000,000 ","$270,665,134 ",United States,270665134.0,270.67,18000000,18.0
856,Maleficent,6.9,2014,May,PG,97,Robert Stromberg,"Angelina Jolie, Elle Fanning, Sharlto Copley, Lesley Manville","Adventure, Family, Fantasy",UK,"$180,000,000 ","$758,411,779 ",United States,758411779.0,758.41,180000000,180.0
857,The Hunger Games: Mockingjay - Part 1,6.6,2014,November,PG-13,123,Francis Lawrence,"Jennifer Lawrence, Josh Hutcherson, Liam Hemsworth, Woody Harrelson","Action, Adventure, Sci-Fi",USA,"$125,000,000 ","$755,356,711 ","United States, Canada, France",755356711.0,755.36,125000000,125.0
859,Big Hero 6,7.8,2014,November,PG,102,"Don Hall, Chris Williams","Ryan Potter, Scott Adsit, Jamie Chung, T J Miller","Animation, Action, Adventure",USA,"$165,000,000 ","$657,869,686 ",United States,657869686.0,657.87,165000000,165.0
863,Noah,5.8,2014,March,PG-13,138,Darren Aronofsky,"Russell Crowe, Jennifer Connelly, Anthony Hopkins, Emma Watson","Action, Adventure, Drama",Iceland,"$125,000,000 ","$359,200,044 ",United States,359200044.0,359.2,125000000,125.0
867,Dawn of the Planet of the Apes,7.6,2014,July,PG-13,130,Matt Reeves,"Gary Oldman, Keri Russell, Andy Serkis, Kodi Smit McPhee","Action, Adventure, Drama",Canada,"$170,000,000 ","$710,644,566 ","United States, United Kingdom, Canada",710644566.0,710.64,170000000,170.0
875,Annabelle,5.4,2014,October,R,99,John R Leonetti,"Ward Horton, Annabelle Wallis, Alfre Woodard, Tony Amendola","Horror, Mystery, Thriller",USA,"$6,500,000 ","$257,589,721 ",United States,257589721.0,257.59,6500000,6.5
882,Exodus: Gods and Kings,6.0,2014,December,PG-13,150,Ridley Scott,"Christian Bale, Joel Edgerton, Ben Kingsley, Sigourney Weaver","Action, Adventure, Drama",Spain,"$140,000,000 ","$268,175,631 ","United Kingdom, Spain, United States",268175631.0,268.18,140000000,140.0
891,Taken 3,6.0,2014,January,PG-13,108,Olivier Megaton,"Liam Neeson, Forest Whitaker, Maggie Grace, Famke Janssen","Action, Crime, Thriller",USA,"$48,000,000 ","$326,479,141 ","France, Spain, United States",326479141.0,326.48,48000000,48.0
899,How to Train Your Dragon 2,7.8,2014,June,PG,102,Dean DeBlois,"Jay Baruchel, Cate Blanchett, Gerard Butler, Craig Ferguson","Animation, Action, Adventure",Unknown,"$145,000,000 ","$621,537,519 ",United States,621537519.0,621.54,145000000,145.0
901,The Wolf of Wall Street,8.2,2013,December,R,180,Martin Scorsese,"Leonardo DiCaprio, Jonah Hill, Margot Robbie, Matthew McConaughey","Biography, Comedy, Crime",Italy,"$100,000,000 ","$406,878,233 ",United States,406878233.0,406.88,100000000,100.0
903,Frozen,7.4,2013,November,PG,102,"Chris Buck, Jennifer Lee","Kristen Bell, Idina Menzel, Jonathan Groff, Josh Gad","Animation, Adventure, Comedy",Norge,"$150,000,000 ","$1,304,550,716 ",United States,1304550716.0,1304.55,150000000,150.0
905,Man of Steel,7.1,2013,June,PG-13,143,Zack Snyder,"Henry Cavill, Amy Adams, Michael Shannon, Diane Lane","Action, Adventure, Sci-Fi",Canada,"$225,000,000 ","$668,045,518 ","United States, United Kingdom",668045518.0,668.05,225000000,225.0
907,Iron Man Three,7.1,2013,May,PG-13,130,Shane Black,"Robert Downey Jr , Guy Pearce, Gwyneth Paltrow, Don Cheadle","Action, Adventure, Sci-Fi",USA,"$200,000,000 ","$1,214,811,252 ",United States,1214811252.0,1214.81,200000000,200.0
908,The Great Gatsby,7.2,2013,May,PG-13,143,Baz Luhrmann,"Leonardo DiCaprio, Carey Mulligan, Joel Edgerton, Tobey Maguire","Drama, Romance",Australia,"$105,000,000 ","$353,659,851 ","Australia, United States",353659851.0,353.66,105000000,105.0
912,The Conjuring,7.5,2013,July,R,112,James Wan,"Patrick Wilson, Vera Farmiga, Ron Livingston, Lili Taylor","Horror, Mystery, Thriller",USA,"$20,000,000 ","$320,406,242 ",United States,320406242.0,320.41,20000000,20.0
914,Oblivion,7.0,2013,April,PG-13,124,Joseph Kosinski,"Tom Cruise, Morgan Freeman, Andrea Riseborough, Olga Kurylenko","Action, Adventure, Sci-Fi",Iceland,"$120,000,000 ","$286,168,572 ",United States,286168572.0,286.17,120000000,120.0
916,We're the Millers,7.0,2013,August,R,110,Rawson Marshall Thurber,"Jason Sudeikis, Jennifer Aniston, Emma Roberts, Ed Helms","Comedy, Crime",USA,"$37,000,000 ","$269,994,119 ","United States, United Kingdom",269994119.0,269.99,37000000,37.0
922,The Hunger Games: Catching Fire,7.5,2013,November,PG-13,146,Francis Lawrence,"Jennifer Lawrence, Josh Hutcherson, Liam Hemsworth, Philip Seymour Hoffman","Action, Adventure, Sci-Fi",USA,"$130,000,000 ","$865,011,746 ",United States,865011746.0,865.01,130000000,130.0
924,Pacific Rim,6.9,2013,July,PG-13,131,Guillermo del Toro,"Idris Elba, Charlie Hunnam, Rinko Kikuchi, Charlie Day","Action, Adventure, Sci-Fi",Germany,"$190,000,000 ","$411,002,906 ","United States, Mexico",411002906.0,411.0,190000000,190.0
925,The Hobbit: The Desolation of Smaug,7.8,2013,December,PG-13,161,Peter Jackson,"Ian McKellen, Martin Freeman, Richard Armitage, Ken Stott","Adventure, Fantasy",New Zealand,"$225,000,000 ","$959,027,992 ","New Zealand, United States",959027992.0,959.03,225000000,225.0
929,World War Z,7.0,2013,June,PG-13,116,Marc Forster,"Brad Pitt, Mireille Enos, Daniella Kertesz, James Badge Dale","Action, Adventure, Horror",UK,"$190,000,000 ","$540,455,876 ","United States, United Kingdom, Malta",540455876.0,540.46,190000000,190.0
930,Now You See Me,7.2,2013,May,PG-13,115,Louis Leterrier,"Jesse Eisenberg, Common, Mark Ruffalo, Woody Harrelson","Crime, Mystery, Thriller",USA,"$75,000,000 ","$351,723,989 ","United States, France",351723989.0,351.72,75000000,75.0
935,A Good Day to Die Hard,5.2,2013,February,R,98,John Moore,"Bruce Willis, Jai Courtney, Sebastian Koch, Mary Elizabeth Winstead","Action, Thriller",Hungary,"$92,000,000 ","$304,654,182 ","United States, United Kingdom, Hungary",304654182.0,304.65,92000000,92.0
936,The Wolverine,6.7,2013,July,PG-13,126,James Mangold,"Hugh Jackman, Will Yun Lee, Tao Okamoto, Rila Fukushima","Action, Sci-Fi",Japan,"$120,000,000 ","$414,828,246 ","United States, United Kingdom, Japan",414828246.0,414.83,120000000,120.0
937,Gravity,7.7,2013,October,PG-13,91,Alfonso Cuar n,"Sandra Bullock, George Clooney, Ed Harris, Orto Ignatiussen","Drama, Sci-Fi, Thriller",Space,"$100,000,000 ","$748,049,949 ","United Kingdom, United States",748049949.0,748.05,100000000,100.0
938,Star Trek Into Darkness,7.7,2013,May,PG-13,132,J J Abrams,"Chris Pine, Zachary Quinto, Zoe Saldana, Benedict Cumberbatch","Action, Adventure, Sci-Fi",USA,"$190,000,000 ","$467,365,246 ",United States,467365246.0,467.37,190000000,190.0
939,Elysium,6.6,2013,August,R,109,Neill Blomkamp,"Matt Damon, Jodie Foster, Sharlto Copley, Alice Braga","Action, Drama, Sci-Fi",Mexico,"$115,000,000 ","$286,140,700 ","United States, Canada",286140700.0,286.14,115000000,115.0
952,Thor: The Dark World,6.8,2013,November,PG-13,112,Alan Taylor,"Chris Hemsworth, Natalie Portman, Tom Hiddleston, Stellan Skarsg rd","Action, Adventure, Fantasy",Iceland,"$170,000,000 ","$644,783,140 ",United States,644783140.0,644.78,170000000,170.0
966,The Croods,7.2,2013,March,PG,98,"Kirk DeMicco, Chris Sanders","Nicolas Cage, Ryan Reynolds, Emma Stone, Catherine Keener","Animation, Adventure, Comedy",Unknown,"$135,000,000 ","$587,235,983 ",United States,587235983.0,587.24,135000000,135.0
972,Furious 6,7.0,2013,May,PG-13,130,Justin Lin,"Vin Diesel, Paul Walker, Dwayne Johnson, Michelle Rodriguez","Action, Crime, Thriller",Spain,"$160,000,000 ","$788,680,968 ","United States, Japan, Spain, United Kingdom",788680968.0,788.68,160000000,160.0
975,Oz the Great and Powerful,6.3,2013,March,PG,130,Sam Raimi,"James Franco, Michelle Williams, Rachel Weisz, Mila Kunis","Adventure, Family, Fantasy",Michigan USA,"$215,000,000 ","$493,311,825 ",United States,493311825.0,493.31,215000000,215.0
984,Despicable Me 2,7.3,2013,July,PG,98,"Pierre Coffin, Chris Renaud","Steve Carell, Kristen Wiig, Benjamin Bratt, Miranda Cosgrove","Animation, Adventure, Comedy",Unknown,"$76,000,000 ","$970,766,005 ","United States, France, Japan",970766005.0,970.77,76000000,76.0
985,Monsters University,7.2,2013,June,G,104,Dan Scanlon,"Billy Crystal, John Goodman, Steve Buscemi, Helen Mirren","Animation, Adventure, Comedy",USA,"$200,000,000 ","$743,559,645 ",United States,743559645.0,743.56,200000000,200.0
991,G.I. Joe: Retaliation,5.7,2013,March,PG-13,110,Jon M Chu,"Dwayne Johnson, Channing Tatum, Adrianne Palicki, Lee Byung hun","Action, Adventure, Sci-Fi",USA,"$130,000,000 ","$375,740,705 ",United States,375740705.0,375.74,130000000,130.0
1001,The Hunger Games,7.2,2012,March,PG-13,142,Gary Ross,"Jennifer Lawrence, Josh Hutcherson, Liam Hemsworth, Stanley Tucci","Action, Adventure, Sci-Fi",USA,"$78,000,000 ","$694,394,724 ",United States,694394724.0,694.39,78000000,78.0
1002,Django Unchained,8.4,2012,December,R,165,Quentin Tarantino,"Jamie Foxx, Christoph Waltz, Leonardo DiCaprio, Kerry Washington","Drama, Western",USA,"$100,000,000 ","$426,074,373 ",United States,426074373.0,426.07,100000000,100.0
1005,The Dark Knight Rises,8.4,2012,July,PG-13,164,Christopher Nolan,"Christian Bale, Tom Hardy, Anne Hathaway, Gary Oldman","Action, Drama",India,"$250,000,000 ","$1,081,169,825 ","United States, United Kingdom",1081169825.0,1081.17,250000000,250.0
1006,The Hobbit: An Unexpected Journey,7.8,2012,December,PG-13,169,Peter Jackson,"Martin Freeman, Ian McKellen, Richard Armitage, Andy Serkis","Adventure, Fantasy",New Zealand,"$180,000,000 ","$1,017,030,651 ","New Zealand, United States",1017030651.0,1017.03,180000000,180.0
1008,The Avengers,8.0,2012,May,PG-13,143,Joss Whedon,"Robert Downey Jr , Chris Evans, Scarlett Johansson, Jeremy Renner","Action, Adventure, Sci-Fi",USA,"$220,000,000 ","$1,518,815,515 ",United States,1518815515.0,1518.82,220000000,220.0
1009,Rise of the Guardians,7.2,2012,November,PG,97,Peter Ramsey,"Hugh Jackman, Alec Baldwin, Isla Fisher, Chris Pine","Animation, Action, Adventure",Unknown,"$145,000,000 ","$306,941,670 ",United States,306941670.0,306.94,145000000,145.0
1010,Les Misrables,7.5,2012,December,PG-13,158,Tom Hooper,"Hugh Jackman, Russell Crowe, Anne Hathaway, Amanda Seyfried","Drama, Musical, Romance",UK,"$61,000,000 ","$442,299,309 ","United Kingdom, United States",442299309.0,442.3,61000000,61.0
1012,Skyfall,7.8,2012,November,PG-13,143,Sam Mendes,"Daniel Craig, Javier Bardem, Naomie Harris, Judi Dench","Action, Adventure, Thriller",Turkey,"$200,000,000 ","$1,108,569,499 ","United Kingdom, United States, Turkey",1108569499.0,1108.57,200000000,200.0
1014,Prometheus,7.0,2012,June,R,124,Ridley Scott,"Noomi Rapace, Logan Marshall Green, Michael Fassbender, Charlize Theron","Adventure, Mystery, Sci-Fi",Iceland,"$130,000,000 ","$403,354,469 ","United Kingdom, United States",403354469.0,403.35,130000000,130.0
1019,Ted,6.9,2012,June,R,106,Seth MacFarlane,"Mark Wahlberg, Mila Kunis, Seth MacFarlane, Joel McHale",Comedy,USA,"$50,000,000 ","$549,368,315 ",United States,549368315.0,549.37,50000000,50.0
1026,The Amazing Spider-Man,6.9,2012,July,PG-13,136,Marc Webb,"Andrew Garfield, Emma Stone, Rhys Ifans, Irrfan Khan","Action, Adventure, Sci-Fi",USA,"$230,000,000 ","$757,930,663 ",United States,757930663.0,757.93,230000000,230.0
1032,The Twilight Saga: Breaking Dawn - Part 2,5.5,2012,November,PG-13,115,Bill Condon,"Kristen Stewart, Robert Pattinson, Taylor Lautner, Peter Facinelli","Adventure, Drama, Fantasy",Canada,"$120,000,000 ","$848,853,382 ",United States,848853382.0,848.85,120000000,120.0
1034,Journey 2: The Mysterious Island,5.7,2012,February,PG,94,Brad Peyton,"Josh Hutcherson, Dwayne Johnson, Michael Caine, Luis Guzm n","Action, Adventure, Comedy",USA,"$79,000,000 ","$335,287,748 ",United States,335287748.0,335.29,79000000,79.0
1036,John Carter,6.6,2012,March,PG-13,132,Andrew Stanton,"Taylor Kitsch, Lynn Collins, Willem Dafoe, Samantha Morton","Action, Adventure, Sci-Fi",USA,"$250,000,000 ","$284,139,100 ",United States,284139100.0,284.14,250000000,250.0
1040,Life of Pi,7.9,2012,November,PG,127,Ang Lee,"Suraj Sharma, Irrfan Khan, Adil Hussain, Tabu","Adventure, Drama, Fantasy",New Zealand,"$120,000,000 ","$609,016,565 ","United States, Taiwan, United Kingdom, Canada, India, France",609016565.0,609.02,120000000,120.0
1043,Battleship,5.8,2012,May,PG-13,131,Peter Berg,"Alexander Skarsg rd, Brooklyn Decker, Liam Neeson, Rihanna","Action, Adventure, Sci-Fi",USA,"$209,000,000 ","$303,025,485 ","United States, Japan",303025485.0,303.03,209000000,209.0
1044,Lincoln,7.3,2012,November,PG-13,150,Steven Spielberg,"Daniel Day Lewis, Sally Field, David Strathairn, Joseph Gordon Levitt","Biography, Drama, History",USA,"$65,000,000 ","$275,293,450 ","United States, India",275293450.0,275.29,65000000,65.0
1045,Men in Black 3,6.8,2012,May,PG-13,106,Barry Sonnenfeld,"Will Smith, Tommy Lee Jones, Josh Brolin, Jemaine Clement","Action, Adventure, Comedy",USA,"$225,000,000 ","$654,213,485 ","United States, United Arab Emirates",654213485.0,654.21,225000000,225.0
1053,The Bourne Legacy,6.6,2012,August,PG-13,135,Tony Gilroy,"Jeremy Renner, Rachel Weisz, Edward Norton, Scott Glenn","Action, Adventure, Thriller",Canada,"$125,000,000 ","$276,144,750 ","United States, Japan, South Korea, Philippines, United Arab Emirates, Canada",276144750.0,276.14,125000000,125.0
1056,Wreck-It Ralph,7.7,2012,November,PG,101,Rich Moore,"John C Reilly, Jack McBrayer, Jane Lynch, Sarah Silverman","Animation, Adventure, Comedy",USA,"$165,000,000 ","$471,222,889 ",United States,471222889.0,471.22,165000000,165.0
1057,Brave,7.1,2012,June,PG,93,"Mark Andrews, Brenda Chapman, Steve Purcell","Kelly Macdonald, Billy Connolly, Emma Thompson, Julie Walters","Animation, Adventure, Comedy",USA,"$185,000,000 ","$538,983,207 ",United States,538983207.0,538.98,185000000,185.0
1058,Hotel Transylvania,7.0,2012,September,PG,91,Genndy Tartakovsky,"Adam Sandler, Kevin James, Andy Samberg, Selena Gomez","Animation, Adventure, Comedy",USA,"$85,000,000 ","$358,375,603 ",United States,358375603.0,358.38,85000000,85.0
1059,Snow White and the Huntsman,6.1,2012,June,PG-13,127,Rupert Sanders,"Kristen Stewart, Chris Hemsworth, Charlize Theron, Sam Claflin","Action, Adventure, Drama",UK,"$170,000,000 ","$396,592,829 ","United States, United Kingdom",396592829.0,396.59,170000000,170.0
1062,Wrath of the Titans,5.7,2012,March,PG-13,99,Jonathan Liebesman,"Sam Worthington, Liam Neeson, Rosamund Pike, Ralph Fiennes","Action, Adventure, Fantasy",Spain,"$150,000,000 ","$301,970,083 ","United States, Spain",301970083.0,301.97,150000000,150.0
1063,The Lorax,6.4,2012,March,PG,86,"Chris Renaud, Kyle Balda","Zac Efron, Taylor Swift, Danny DeVito, Ed Helms","Animation, Adventure, Comedy",Unknown,"$70,000,000 ","$349,183,316 ","United States, France",349183316.0,349.18,70000000,70.0
1066,The Expendables 2,6.6,2012,August,R,103,Simon West,"Sylvester Stallone, Liam Hemsworth, Randy Couture, Jean Claude Van Damme","Action, Adventure, Thriller",Bulgaria,"$100,000,000 ","$314,975,955 ","United States, Germany, China",314975955.0,314.98,100000000,100.0
1080,Taken 2,6.2,2012,October,PG-13,92,Olivier Megaton,"Liam Neeson, Famke Janssen, Maggie Grace, Leland Orser","Action, Crime, Thriller",Turkey,"$45,000,000 ","$376,152,455 ","France, United States, Turkey, United Kingdom",376152455.0,376.15,45000000,45.0
1089,Ice Age: Continental Drift,6.5,2012,July,PG,88,"Steve Martino, Michael Thurmeier","Ray Romano, Denis Leary, John Leguizamo, Aziz Ansari","Animation, Adventure, Comedy",Unknown,"$95,000,000 ","$877,244,782 ",United States,877244782.0,877.24,95000000,95.0
1093,Madagascar 3: Europe's Most Wanted,6.8,2012,June,PG,93,"Eric Darnell, Tom McGrath, Conrad Vernon","Ben Stiller, Jada Pinkett Smith, Chris Rock, David Schwimmer","Animation, Adventure, Comedy",USA,"$145,000,000 ","$746,921,274 ",United States,746921274.0,746.92,145000000,145.0
1101,Harry Potter and the Deathly Hallows: Part 2,8.1,2011,July,PG-13,130,David Yates,"Daniel Radcliffe, Emma Watson, Rupert Grint, Michael Gambon","Adventure, Family, Fantasy",UK,"$125,000,000 ","$1,342,359,942 ","United Kingdom, United States",1342359942.0,1342.36,125000000,125.0
1103,Puss in Boots,6.6,2011,October,PG,90,Chris Miller,"Antonio Banderas, Salma Hayek, Zach Galifianakis, Billy Bob Thornton","Animation, Adventure, Comedy",Unknown,"$130,000,000 ","$554,987,477 ",United States,554987477.0,554.99,130000000,130.0
1110,Transformers: Dark of the Moon,6.2,2011,June,PG-13,154,Michael Bay,"Shia LaBeouf, Rosie Huntington Whiteley, Tyrese Gibson, Josh Duhamel","Action, Adventure, Sci-Fi",USA,"$195,000,000 ","$1,123,794,079 ",United States,1123794079.0,1123.79,195000000,195.0
1111,Captain America: The First Avenger,6.9,2011,July,PG-13,124,Joe Johnston,"Chris Evans, Hugo Weaving, Samuel L Jackson, Hayley Atwell","Action, Adventure, Sci-Fi",UK,"$140,000,000 ","$370,569,774 ",United States,370569774.0,370.57,140000000,140.0
1117,X: First Class,7.7,2011,June,PG-13,131,Matthew Vaughn,"James McAvoy, Michael Fassbender, Jennifer Lawrence, Kevin Bacon","Action, Adventure, Sci-Fi",UK,"$160,000,000 ","$352,616,690 ","United States, United Kingdom",352616690.0,352.62,160000000,160.0
1118,Thor,7.0,2011,May,PG-13,115,Kenneth Branagh,"Chris Hemsworth, Anthony Hopkins, Natalie Portman, Tom Hiddleston","Action, Adventure, Fantasy",USA,"$150,000,000 ","$449,326,618 ",United States,449326618.0,449.33,150000000,150.0
1125,Bridesmaids,6.8,2011,May,R,125,Paul Feig,"Kristen Wiig, Maya Rudolph, Rose Byrne, Terry Crews","Comedy, Romance",USA,"$32,500,000 ","$306,442,085 ",United States,306442085.0,306.44,32500000,32.5
1135,Mission: Impossible - Ghost Protocol,7.4,2011,December,PG-13,132,Brad Bird,"Tom Cruise, Jeremy Renner, Simon Pegg, Paula Patton","Action, Adventure, Thriller",United Arab Emirates,"$145,000,000 ","$694,713,380 ",United States,694713380.0,694.71,145000000,145.0
1136,Pirates of the Caribbean: On Stranger Tides,6.6,2011,May,PG-13,136,Rob Marshall,"Johnny Depp, Pen lope Cruz, Ian McShane, Geoffrey Rush","Action, Adventure, Fantasy",USA,"$250,000,000 ","$1,045,713,802 ","United States, United Kingdom",1045713802.0,1045.71,250000000,250.0
1141,Sherlock Holmes: A Game of Shadows,7.4,2011,December,PG-13,129,Guy Ritchie,"Robert Downey Jr , Jude Law, Jared Harris, Rachel McAdams","Action, Adventure, Mystery",Switzerland,"$125,000,000 ","$543,848,418 ","United States, United Kingdom",543848418.0,543.85,125000000,125.0
1151,Rise of the Planet of the Apes,7.6,2011,August,PG-13,105,Rupert Wyatt,"James Franco, Andy Serkis, Freida Pinto, Karin Konoval","Action, Drama, Sci-Fi",Canada,"$93,000,000 ","$481,800,873 ","United States, United Kingdom, Canada",481800873.0,481.8,93000000,93.0
1153,Rio,6.9,2011,April,G,96,Carlos Saldanha,"Jesse Eisenberg, Anne Hathaway, George Lopez, Karen Disher","Animation, Adventure, Comedy",Brazil,"$90,000,000 ","$483,866,772 ",United States,483866772.0,483.87,90000000,90.0
1157,Cars 2,6.2,2011,June,G,106,"John Lasseter, Bradford Lewis","Owen Wilson, Larry the Cable Guy, Michael Caine, Emily Mortimer","Animation, Adventure, Comedy",USA,"$200,000,000 ","$559,852,396 ",United States,559852396.0,559.85,200000000,200.0
1158,The Hangover Part II,6.4,2011,May,R,102,Todd Phillips,"Bradley Cooper, Zach Galifianakis, Ed Helms, Justin Bartha",Comedy,Thailand,"$80,000,000 ","$586,764,305 ",United States,586764305.0,586.76,80000000,80.0
1160,Super 8,7.0,2011,June,PG-13,112,J J Abrams,"Elle Fanning, AJ Michalka, Kyle Chandler, Joel Courtney","Action, Mystery, Sci-Fi",USA,"$50,000,000 ","$260,095,986 ",United States,260095986.0,260.1,50000000,50.0
1161,Fast Five,7.3,2011,April,PG-13,130,Justin Lin,"Vin Diesel, Paul Walker, Dwayne Johnson, Jordana Brewster","Action, Crime, Thriller",Puerto Rico,"$125,000,000 ","$626,137,675 ",United States,626137675.0,626.14,125000000,125.0
1165,Real Steel,7.0,2011,October,PG-13,127,Shawn Levy,"Hugh Jackman, Evangeline Lilly, Dakota Goyo, Anthony Mackie","Action, Drama, Sci-Fi",USA,"$110,000,000 ","$299,268,508 ","United States, India",299268508.0,299.27,110000000,110.0
1167,The Adventures of Tintin,7.3,2011,December,PG,107,Steven Spielberg,"Jamie Bell, Andy Serkis, Daniel Craig, Simon Pegg","Animation, Action, Adventure",New Zealand,"$135,000,000 ","$373,993,951 ","United States, New Zealand, United Kingdom, France, Australia",373993951.0,373.99,135000000,135.0
1168,The Twilight Saga: Breaking Dawn - Part 1,4.9,2011,November,PG-13,117,Bill Condon,"Kristen Stewart, Robert Pattinson, Taylor Lautner, Gil Birmingham","Adventure, Drama, Fantasy",USA,"$110,000,000 ","$712,205,856 ",United States,712205856.0,712.21,110000000,110.0
1188,Kung Fu Panda 2,7.2,2011,May,PG,90,Jennifer Yuh Nelson,"Jack Black, Angelina Jolie, Jackie Chan, Dustin Hoffman","Animation, Action, Adventure",USA,"$150,000,000 ","$665,692,281 ",United States,665692281.0,665.69,150000000,150.0
1200,Inception,8.8,2010,July,PG-13,148,Christopher Nolan,"Leonardo DiCaprio, Joseph Gordon Levitt, Elliot Page, Ken Watanabe","Action, Adventure, Sci-Fi",Canada,"$160,000,000 ","$836,848,102 ","United States, United Kingdom",836848102.0,836.85,160000000,160.0
1201,Shutter Island,8.2,2010,February,R,138,Martin Scorsese,"Leonardo DiCaprio, Emily Mortimer, Mark Ruffalo, Ben Kingsley","Mystery, Thriller",USA,"$80,000,000 ","$294,805,697 ",United States,294805697.0,294.81,80000000,80.0
1202,Black Swan,8.0,2010,December,R,108,Darren Aronofsky,"Natalie Portman, Mila Kunis, Vincent Cassel, Winona Ryder","Drama, Thriller",USA,"$13,000,000 ","$329,398,046 ",United States,329398046.0,329.4,13000000,13.0
1212,Knight and Day,6.3,2010,June,PG-13,109,James Mangold,"Tom Cruise, Cameron Diaz, Peter Sarsgaard, Jordi Moll ","Action, Adventure, Comedy",Austria,"$117,000,000 ","$261,989,769 ",United States,261989769.0,261.99,117000000,117.0
1213,Grown Ups,5.9,2010,June,PG-13,102,Dennis Dugan,"Adam Sandler, Salma Hayek, Kevin James, Chris Rock",Comedy,USA,"$80,000,000 ","$271,457,301 ",United States,271457301.0,271.46,80000000,80.0
1216,Clash of the Titans,5.8,2010,April,PG-13,106,Louis Leterrier,"Sam Worthington, Liam Neeson, Ralph Fiennes, Jason Flemyng","Action, Adventure, Fantasy",Spain,"$125,000,000 ","$493,214,993 ","United States, United Kingdom, Australia",493214993.0,493.21,125000000,125.0
1219,Alice in Wonderland,6.4,2010,March,PG,108,Tim Burton,"Mia Wasikowska, Johnny Depp, Helena Bonham Carter, Anne Hathaway","Adventure, Family, Fantasy",UK,"$200,000,000 ","$1,025,468,216 ",United States,1025468216.0,1025.47,200000000,200.0
1220,Iron Man 2,6.9,2010,May,PG-13,124,Jon Favreau,"Robert Downey Jr , Mickey Rourke, Gwyneth Paltrow, Don Cheadle","Action, Adventure, Sci-Fi",Monaco,"$200,000,000 ","$623,933,331 ",United States,623933331.0,623.93,200000000,200.0
1228,Tron: Legacy,6.8,2010,December,PG,125,Joseph Kosinski,"Jeff Bridges, Garrett Hedlund, Olivia Wilde, Bruce Boxleitner","Action, Adventure, Sci-Fi",Canada,"$170,000,000 ","$400,063,852 ",United States,400063852.0,400.06,170000000,170.0
1229,Tangled,7.7,2010,November,PG,100,"Nathan Greno, Byron Howard","Mandy Moore, Zachary Levi, Donna Murphy, Ron Perlman","Animation, Adventure, Comedy",Germany,"$260,000,000 ","$592,462,816 ",United States,592462816.0,592.46,260000000,260.0
1230,Robin Hood,6.6,2010,May,PG-13,140,Ridley Scott,"Russell Crowe, Cate Blanchett, Matthew Macfadyen, Max von Sydow","Action, Adventure, Drama",UK,"$200,000,000 ","$321,669,741 ","United States, United Kingdom",321669741.0,321.67,200000000,200.0
1235,Despicable Me,7.6,2010,July,PG,95,"Pierre Coffin, Chris Renaud","Steve Carell, Jason Segel, Russell Brand, Julie Andrews","Animation, Adventure, Comedy",Unknown,"$69,000,000 ","$543,157,985 ","United States, France",543157985.0,543.16,69000000,69.0
1236,How to Train Your Dragon,8.1,2010,March,PG,98,"Dean DeBlois, Chris Sanders","Jay Baruchel, Gerard Butler, Christopher Mintz Plasse, Craig Ferguson","Animation, Action, Adventure",Unknown,"$165,000,000 ","$494,879,471 ",United States,494879471.0,494.88,165000000,165.0
1238,The Last Airbender,4.0,2010,July,PG,103,M Night Shyamalan,"Noah Ringer, Nicola Peltz Beckham, Jackson Rathbone, Dev Patel","Action, Adventure, Family",USA,"$150,000,000 ","$319,713,881 ",United States,319713881.0,319.71,150000000,150.0
1240,Megamind,7.3,2010,November,PG,95,Tom McGrath,"Will Ferrell, Jonah Hill, Brad Pitt, Tina Fey","Animation, Action, Comedy",Unknown,"$130,000,000 ","$321,885,765 ",United States,321885765.0,321.89,130000000,130.0
1241,The Expendables,6.4,2010,August,R,103,Sylvester Stallone,"Sylvester Stallone, Jason Statham, Jet Li, Dolph Lundgren","Action, Adventure, Thriller",Brazil,"$80,000,000 ","$274,470,394 ","United States, Bulgaria, Spain, Germany",274470394.0,274.47,80000000,80.0
1242,Toy Story 3,8.3,2010,June,G,103,Lee Unkrich,"Tom Hanks, Tim Allen, Joan Cusack, Ned Beatty","Animation, Adventure, Comedy",USA,"$200,000,000 ","$1,066,970,811 ",United States,1066970811.0,1066.97,200000000,200.0
1243,The Chronicles of Narnia: The Voyage of the Dawn Treader,6.3,2010,December,PG,113,Michael Apted,"Ben Barnes, Skandar Keynes, Georgie Henley, Will Poulter","Adventure, Family, Fantasy",New Zealand,"$155,000,000 ","$415,686,217 ","United States, United Kingdom",415686217.0,415.69,155000000,155.0
1245,The King's Speech,8.0,2010,December,R,118,Tom Hooper,"Colin Firth, Geoffrey Rush, Helena Bonham Carter, Derek Jacobi","Biography, Drama, History",UK,"$15,000,000 ","$427,374,317 ","United Kingdom, United States",427374317.0,427.37,15000000,15.0
1252,The Twilight Saga: Eclipse,5.0,2010,June,PG-13,124,David Slade,"Kristen Stewart, Robert Pattinson, Taylor Lautner, Xavier Samuel","Action, Adventure, Drama",USA,"$68,000,000 ","$698,509,825 ",United States,698509825.0,698.51,68000000,68.0
1258,Salt,6.4,2010,July,PG-13,100,Phillip Noyce,"Angelina Jolie, Liev Schreiber, Chiwetel Ejiofor, Daniel Olbrychski","Action, Thriller",Russia,"$110,000,000 ","$293,503,354 ",United States,293503354.0,293.5,110000000,110.0
1260,Prince of Persia: The Sands of Time,6.6,2010,May,PG-13,116,Mike Newell,"Jake Gyllenhaal, Gemma Arterton, Ben Kingsley, Alfred Molina","Action, Adventure, Fantasy",Morocco,"$200,000,000 ","$336,365,676 ",United States,336365676.0,336.37,200000000,200.0
1261,The Tourist,6.0,2010,December,PG-13,103,Florian Henckel von Donnersmarck,"Johnny Depp, Angelina Jolie, Paul Bettany, Timothy Dalton","Action, Thriller",Italy,"$100,000,000 ","$278,780,441 ","United States, France, Italy, United Kingdom",278780441.0,278.78,100000000,100.0
1264,The Karate Kid,6.2,2010,June,PG,140,Harald Zwart,"Jackie Chan, Jaden Smith, Taraji P Henson, Wenwen Han","Action, Drama, Family",China,"$40,000,000 ","$359,126,022 ","United States, China",359126022.0,359.13,40000000,40.0
1278,Sex and the City 2,4.5,2010,May,R,146,Michael Patrick King,"Sarah Jessica Parker, Kim Cattrall, Kristin Davis, Cynthia Nixon","Comedy, Drama, Romance",Morocco,"$100,000,000 ","$290,745,055 ",United States,290745055.0,290.75,100000000,100.0
1288,Shrek Forever After,6.3,2010,May,PG,95,Mike Mitchell,"Mike Myers, Cameron Diaz, Eddie Murphy, Antonio Banderas","Animation, Adventure, Comedy",Unknown,"$165,000,000 ","$752,600,867 ",United States,752600867.0,752.6,165000000,165.0
1300,Avatar,7.8,2009,December,PG-13,162,James Cameron,"Sam Worthington, Zoe Saldana, Sigourney Weaver, Michelle Rodriguez","Action, Adventure, Fantasy",USA,"$237,000,000 ","$2,922,917,914 ",United States,2922917914.0,2922.92,237000000,237.0
1301,A Christmas Carol,6.8,2009,November,PG,96,Robert Zemeckis,"Jim Carrey, Gary Oldman, Colin Firth, Steve Valentine","Animation, Adventure, Comedy",Unknown,"$200,000,000 ","$325,286,646 ",United States,325286646.0,325.29,200000000,200.0
1302,Inglourious Basterds,8.3,2009,August,R,153,Quentin Tarantino,"Brad Pitt, Diane Kruger, Eli Roth, M lanie Laurent","Adventure, Drama, War",France,"$70,000,000 ","$321,457,747 ","Germany, United States",321457747.0,321.46,70000000,70.0
1305,The Hangover,7.7,2009,June,R,100,Todd Phillips,"Zach Galifianakis, Bradley Cooper, Justin Bartha, Ed Helms",Comedy,USA,"$35,000,000 ","$469,328,079 ","United States, Germany",469328079.0,469.33,35000000,35.0
1306,Harry Potter and the Half-Blood Prince,7.6,2009,July,PG,153,David Yates,"Daniel Radcliffe, Emma Watson, Rupert Grint, Michael Gambon","Action, Adventure, Family",Norway,"$250,000,000 ","$934,504,700 ","United Kingdom, United States",934504700.0,934.5,250000000,250.0
1307,Star Trek,7.9,2009,May,PG-13,127,J J Abrams,"Chris Pine, Zachary Quinto, Simon Pegg, Leonard Nimoy","Action, Adventure, Sci-Fi",USA,"$150,000,000 ","$385,680,446 ","United States, Germany",385680446.0,385.68,150000000,150.0
1309,The Proposal,6.7,2009,June,PG-13,108,Anne Fletcher,"Sandra Bullock, Ryan Reynolds, Mary Steenburgen, Craig T Nelson","Comedy, Drama, Romance",USA,"$40,000,000 ","$317,375,031 ",United States,317375031.0,317.38,40000000,40.0
1310,Sherlock Holmes,7.6,2009,December,PG-13,128,Guy Ritchie,"Robert Downey Jr , Jude Law, Rachel McAdams, Mark Strong","Action, Adventure, Mystery",UK,"$90,000,000 ","$524,028,679 ","United States, Germany, United Kingdom, Australia",524028679.0,524.03,90000000,90.0
1317,2012,5.8,2009,November,PG-13,158,Roland Emmerich,"John Cusack, Thandiwe Newton, Chiwetel Ejiofor, Amanda Peet","Action, Adventure, Sci-Fi",Official Facebook,"$200,000,000 ","$791,217,826 ",United States,791217826.0,791.22,200000000,200.0
1322,Transformers: Revenge of the Fallen,5.9,2009,June,PG-13,149,Michael Bay,"Shia LaBeouf, Megan Fox, Josh Duhamel, Tyrese Gibson","Action, Adventure, Sci-Fi",Egypt,"$200,000,000 ","$836,303,693 ",United States,836303693.0,836.3,200000000,200.0
1323,Night at the Museum: Battle of the Smithsonian,6.0,2009,May,PG,105,Shawn Levy,"Ben Stiller, Owen Wilson, Amy Adams, Hank Azaria","Adventure, Comedy, Family",USA,"$150,000,000 ","$413,106,170 ","United States, Canada",413106170.0,413.11,150000000,150.0
1324,Up,8.3,2009,May,PG,96,"Pete Docter, Bob Peterson","Edward Asner, Jordan Nagai, John Ratzenberger, Christopher Plummer","Animation, Adventure, Comedy",USA,"$175,000,000 ","$735,099,102 ",United States,735099102.0,735.1,175000000,175.0
1326,The Blind Side,7.6,2009,November,PG-13,129,John Lee Hancock,"Quinton Aaron, Sandra Bullock, Tim McGraw, Jae Head","Biography, Drama, Sport",USA,"$29,000,000 ","$309,231,694 ",United States,309231694.0,309.23,29000000,29.0
1327,Fast & Furious,6.5,2009,April,PG-13,107,Justin Lin,"Vin Diesel, Paul Walker, Michelle Rodriguez, Jordana Brewster","Action, Crime, Thriller",Dominican Republic,"$85,000,000 ","$360,366,870 ","United States, Japan",360366870.0,360.37,85000000,85.0
1336,X-Men Origins: Wolverine,6.5,2009,May,PG-13,107,Gavin Hood,"Hugh Jackman, Liev Schreiber, Ryan Reynolds, Danny Huston","Action, Sci-Fi",New Zealand,"$150,000,000 ","$373,062,864 ","United States, United Kingdom",373062864.0,373.06,150000000,150.0
1340,Terminator Salvation,6.5,2009,May,PG-13,115,McG,"Christian Bale, Sam Worthington, Anton Yelchin, Moon Bloodgood","Action, Adventure, Sci-Fi",USA,"$200,000,000 ","$371,353,001 ","United States, Germany, United Kingdom, Italy",371353001.0,371.35,200000000,200.0
1346,Angels & Demons,6.7,2009,May,PG-13,138,Ron Howard,"Tom Hanks, Ewan McGregor, Ayelet Zurer, Stellan Skarsg rd","Action, Mystery, Thriller",Vatican City,"$150,000,000 ","$485,930,816 ","United States, Italy",485930816.0,485.93,150000000,150.0
1347,The Princess and the Frog,7.1,2009,December,G,97,"Ron Clements, John Musker","Anika Noni Rose, Keith David, Oprah Winfrey, Bruno Campos","Animation, Adventure, Comedy",USA,"$105,000,000 ","$267,045,765 ",United States,267045765.0,267.05,105000000,105.0
1348,The Twilight Saga: New Moon,4.7,2009,November,PG-13,130,Chris Weitz,"Kristen Stewart, Robert Pattinson, Taylor Lautner, Christina Jastrzembska","Adventure, Drama, Fantasy",Italy,"$50,000,000 ","$711,025,481 ",United States,711025481.0,711.03,50000000,50.0
1351,G.I. Joe: The Rise of Cobra,5.7,2009,August,PG-13,118,Stephen Sommers,"Dennis Quaid, Channing Tatum, Marlon Wayans, Adewale Akinnuoye Agbaje","Action, Adventure, Sci-Fi",Czech Republic,"$175,000,000 ","$302,469,017 ",United States,302469017.0,302.47,175000000,175.0
1354,Monsters vs. Aliens,6.4,2009,March,PG,94,"Rob Letterman, Conrad Vernon","Reese Witherspoon, Rainn Wilson, Stephen Colbert, Seth Rogen","Animation, Action, Adventure",Unknown,"$175,000,000 ","$381,509,870 ",United States,381509870.0,381.51,175000000,175.0
1381,Alvin and the Chipmunks: The Squeakquel,4.5,2009,December,PG,88,Betty Thomas,"Jason Lee, Zachary Levi, David Cross, Justin Long","Animation, Adventure, Comedy",France,"$75,000,000 ","$443,140,005 ",United States,443140005.0,443.14,75000000,75.0
1401,The Dark Knight,9.0,2008,July,PG-13,152,Christopher Nolan,"Christian Bale, Heath Ledger, Aaron Eckhart, Michael Caine","Action, Crime, Drama",USA,"$185,000,000 ","$1,006,234,167 ","United States, United Kingdom",1006234167.0,1006.23,185000000,185.0
1403,Twilight,5.3,2008,November,PG-13,122,Catherine Hardwicke,"Kristen Stewart, Robert Pattinson, Billy Burke, Sarah Clarke","Drama, Fantasy, Romance",USA,"$37,000,000 ","$408,430,415 ",United States,408430415.0,408.43,37000000,37.0
1404,Iron Man,7.9,2008,May,PG-13,126,Jon Favreau,"Robert Downey Jr , Gwyneth Paltrow, Terrence Howard, Jeff Bridges","Action, Adventure, Sci-Fi",USA,"$140,000,000 ","$585,796,247 ","United States, Canada",585796247.0,585.8,140000000,140.0
1409,Indiana Jones and the Kingdom of the Crystal Skull,6.2,2008,May,PG-13,122,Steven Spielberg,"Harrison Ford, Cate Blanchett, Shia LaBeouf, Karen Allen","Action, Adventure",Argentina,"$185,000,000 ","$790,653,942 ",United States,790653942.0,790.65,185000000,185.0
1411,The Curious Case of Benjamin Button,7.8,2008,December,PG-13,166,David Fincher,"Brad Pitt, Cate Blanchett, Tilda Swinton, Julia Ormond","Drama, Fantasy, Romance",India,"$150,000,000 ","$335,802,786 ",United States,335802786.0,335.8,150000000,150.0
1414,WALLE,8.4,2008,June,G,98,Andrew Stanton,"Ben Burtt, Elissa Knight, Jeff Garlin, Fred Willard","Animation, Adventure, Family",USA,"$180,000,000 ","$521,311,890 ",United States,521311890.0,521.31,180000000,180.0
1415,Mamma Mia!,6.5,2008,July,PG-13,108,Phyllida Lloyd,"Meryl Streep, Pierce Brosnan, Amanda Seyfried, Stellan Skarsg rd","Comedy, Musical, Romance",Greece,"$52,000,000 ","$694,476,782 ","United States, United Kingdom, Germany",694476782.0,694.48,52000000,52.0
1416,The Chronicles of Narnia: Prince Caspian,6.5,2008,May,PG,150,Andrew Adamson,"Ben Barnes, Skandar Keynes, Georgie Henley, William Moseley","Action, Adventure, Family",Slovenia,"$225,000,000 ","$419,665,568 ","United States, Poland, Slovenia, Czech Republic, United Kingdom",419665568.0,419.67,225000000,225.0
1419,Wanted,6.7,2008,June,R,110,Timur Bekmambetov,"Angelina Jolie, James McAvoy, Morgan Freeman, Terence Stamp","Action, Crime, Thriller",Czech Republic,"$75,000,000 ","$342,463,063 ","United States, Germany",342463063.0,342.46,75000000,75.0
1421,The Mummy: Tomb of the Dragon Emperor,5.2,2008,August,PG-13,112,Rob Cohen,"Brendan Fraser, Jet Li, Maria Bello, Michelle Yeoh","Action, Adventure, Fantasy",UK,"$145,000,000 ","$403,449,830 ","United States, Germany, China, Canada",403449830.0,403.45,145000000,145.0
1424,Quantum of Solace,6.6,2008,November,PG-13,106,Marc Forster,"Daniel Craig, Olga Kurylenko, Mathieu Amalric, Judi Dench","Action, Adventure, Mystery",Italy,"$200,000,000 ","$589,580,482 ","United Kingdom, United States",589580482.0,589.58,200000000,200.0
1425,Kung Fu Panda,7.6,2008,June,PG,92,"Mark Osborne, John Stevenson","Jack Black, Ian McShane, Angelina Jolie, Dustin Hoffman","Animation, Action, Adventure",USA,"$130,000,000 ","$632,083,197 ",United States,632083197.0,632.08,130000000,130.0
1432,Gran Torino,8.1,2008,January,R,116,Clint Eastwood,"Clint Eastwood, Bee Vang, Christopher Carley, Ahney Her",Drama,USA,"$33,000,000 ","$269,958,228 ","Germany, United States",269958228.0,269.96,33000000,33.0
1434,The Incredible Hulk,6.6,2008,June,PG-13,112,Louis Leterrier,"Edward Norton, Liv Tyler, Tim Roth, William Hurt","Action, Adventure, Sci-Fi",Canada,"$150,000,000 ","$264,770,996 ",United States,264770996.0,264.77,150000000,150.0
1435,Slumdog Millionaire,8.0,2008,December,R,120,"Danny Boyle, Loveleen Tandan","Dev Patel, Freida Pinto, Saurabh Shukla, Anil Kapoor","Crime, Drama, Romance",India,"$15,000,000 ","$378,410,542 ","United Kingdom, United States",378410542.0,378.41,15000000,15.0
1442,"10,000 BC",5.1,2008,March,PG-13,109,Roland Emmerich,"Camilla Belle, Steven Strait, Marco Khan, Cliff Curtis","Action, Adventure, Drama",New Zealand,"$105,000,000 ","$269,784,201 ","United States, South Africa",269784201.0,269.78,105000000,105.0
1455,Hancock,6.4,2008,July,PG-13,92,Peter Berg,"Will Smith, Charlize Theron, Jason Bateman, Jae Head","Action, Drama, Fantasy",USA,"$150,000,000 ","$629,443,428 ",United States,629443428.0,629.44,150000000,150.0
1459,Sex and the City,5.7,2008,May,R,145,Michael Patrick King,"Sarah Jessica Parker, Kim Cattrall, Cynthia Nixon, Kristin Davis","Comedy, Drama, Romance",USA,"$65,000,000 ","$418,765,519 ",United States,418765519.0,418.77,65000000,65.0
1465,Madagascar: Escape 2 Africa,6.6,2008,November,PG,89,"Eric Darnell, Tom McGrath","Ben Stiller, Chris Rock, David Schwimmer, Jada Pinkett Smith","Animation, Adventure, Comedy",USA,"$150,000,000 ","$603,900,354 ",United States,603900354.0,603.9,150000000,150.0
1475,Bolt,6.8,2008,November,PG,96,"Byron Howard, Chris Williams","John Travolta, Miley Cyrus, Susie Essman, Mark Walton","Animation, Adventure, Comedy",USA,"$150,000,000 ","$309,979,994 ",United States,309979994.0,309.98,150000000,150.0
1483,Horton Hears a Who!,6.8,2008,March,G,86,"Jimmy Hayward, Steve Martino","Jim Carrey, Steve Carell, Carol Burnett, Will Arnett","Animation, Adventure, Comedy",Unknown,"$85,000,000 ","$298,572,799 ",United States,298572799.0,298.57,85000000,85.0
1500,Enchanted,7.1,2007,November,PG,107,Kevin Lima,"Amy Adams, Susan Sarandon, James Marsden, Patrick Dempsey","Animation, Adventure, Comedy",USA,"$85,000,000 ","$340,487,836 ",United States,340487836.0,340.49,85000000,85.0
1503,Transformers,7.0,2007,July,PG-13,144,Michael Bay,"Shia LaBeouf, Megan Fox, Josh Duhamel, Tyrese Gibson","Action, Adventure, Sci-Fi",USA,"$150,000,000 ","$709,709,780 ",United States,709709780.0,709.71,150000000,150.0
1506,Harry Potter and the Order of the Phoenix,7.5,2007,July,PG-13,138,David Yates,"Daniel Radcliffe, Emma Watson, Rupert Grint, Brendan Gleeson","Action, Adventure, Family",UK,"$150,000,000 ","$942,235,757 ","United Kingdom, United States",942235757.0,942.24,150000000,150.0
1511,The Golden Compass,6.1,2007,December,PG-13,113,Chris Weitz,"Nicole Kidman, Daniel Craig, Dakota Blue Richards, Ben Walker","Adventure, Family, Fantasy",Norway,"$180,000,000 ","$372,234,864 ","United Kingdom, United States",372234864.0,372.23,180000000,180.0
1512,Ratatouille,8.1,2007,June,G,111,"Brad Bird, Jan Pinkava","Brad Garrett, Lou Romano, Patton Oswalt, Ian Holm","Animation, Adventure, Comedy",USA,"$150,000,000 ","$623,726,085 ",United States,623726085.0,623.73,150000000,150.0
1515,National Treasure: Book of Secrets,6.5,2007,December,PG,124,Jon Turteltaub,"Nicolas Cage, Diane Kruger, Justin Bartha, Jon Voight","Action, Adventure, Mystery",USA,"$130,000,000 ","$459,242,249 ",United States,459242249.0,459.24,130000000,130.0
1523,Spider-Man 3,6.3,2007,May,PG-13,139,Sam Raimi,"Tobey Maguire, Kirsten Dunst, Topher Grace, Thomas Haden Church","Action, Adventure, Sci-Fi",USA,"$258,000,000 ","$894,983,373 ",United States,894983373.0,894.98,258000000,258.0
1528,American Gangster,7.8,2007,November,R,157,Ridley Scott,"Denzel Washington, Russell Crowe, Chiwetel Ejiofor, Josh Brolin","Biography, Crime, Drama",Thailand,"$100,000,000 ","$269,755,430 ","United States, United Kingdom",269755430.0,269.76,100000000,100.0
1529,I Am Legend,7.2,2007,December,PG-13,101,Francis Lawrence,"Will Smith, Alice Braga, Charlie Tahan, Salli Richardson Whitfield","Action, Drama, Sci-Fi",USA,"$150,000,000 ","$585,410,052 ",United States,585410052.0,585.41,150000000,150.0
1531,Live Free or Die Hard,7.1,2007,June,PG-13,128,Len Wiseman,"Bruce Willis, Justin Long, Timothy Olyphant, Maggie Q","Action, Thriller",USA,"$110,000,000 ","$388,156,011 ","United States, United Kingdom",388156011.0,388.16,110000000,110.0
1534,Alvin and the Chipmunks,5.2,2007,December,PG,92,Tim Hill,"Jason Lee, Ross Bagdasarian Jr , Janice Karman, David Cross","Animation, Adventure, Comedy",USA,"$60,000,000 ","$365,352,546 ",United States,365352546.0,365.35,60000000,60.0
1535,Rush Hour 3,6.2,2007,August,PG-13,91,Brett Ratner,"Jackie Chan, Chris Tucker, Max von Sydow, Hiroyuki Sanada","Action, Comedy, Crime",France,"$140,000,000 ","$258,097,122 ","United States, Germany",258097122.0,258.1,140000000,140.0
1539,Pirates of the Caribbean: At World's End,7.1,2007,May,PG-13,169,Gore Verbinski,"Johnny Depp, Orlando Bloom, Keira Knightley, Geoffrey Rush","Action, Adventure, Fantasy",USA,"$300,000,000 ","$960,996,492 ",United States,960996492.0,961.0,300000000,300.0
1544,The Bourne Ultimatum,8.0,2007,August,PG-13,115,Paul Greengrass,"Matt Damon, Edgar Ram rez, Joan Allen, Julia Stiles","Action, Mystery, Thriller",Spain,"$110,000,000 ","$444,100,035 ","United States, Germany, France, Spain",444100035.0,444.1,110000000,110.0
1555,Ocean's Thirteen,6.9,2007,June,PG-13,122,Steven Soderbergh,"George Clooney, Brad Pitt, Matt Damon, Michael Mantell","Crime, Thriller",USA,"$85,000,000 ","$311,312,624 ",United States,311312624.0,311.31,85000000,85.0
1562,Shrek the Third,6.1,2007,May,PG,93,"Chris Miller, Raman Hui","Mike Myers, Cameron Diaz, Eddie Murphy, Antonio Banderas","Animation, Adventure, Comedy",Unknown,"$160,000,000 ","$813,367,380 ",United States,813367380.0,813.37,160000000,160.0
1563,Bee Movie,6.1,2007,November,PG,91,"Simon J Smith, Steve Hickner","Jerry Seinfeld, Ren e Zellweger, Matthew Broderick, Patrick Warburton","Animation, Adventure, Comedy",Unknown,"$150,000,000 ","$293,514,336 ",United States,293514336.0,293.51,150000000,150.0
1594,Fantastic Four: Rise of the Silver Surfer,5.6,2007,June,PG,92,Tim Story,"Ioan Gruffudd, Jessica Alba, Chris Evans, Michael Chiklis","Action, Adventure, Fantasy",Japan,"$130,000,000 ","$301,913,131 ","United Kingdom, Germany, United States",301913131.0,301.91,130000000,130.0
1603,Casino Royale,8.0,2006,November,PG-13,144,Martin Campbell,"Daniel Craig, Eva Green, Judi Dench, Jeffrey Wright","Action, Adventure, Thriller",Italy,"$150,000,000 ","$616,505,162 ","United Kingdom, Czech Republic, United States, Germany, Bahamas",616505162.0,616.51,150000000,150.0
1604,The Departed,8.5,2006,October,R,151,Martin Scorsese,"Leonardo DiCaprio, Matt Damon, Jack Nicholson, Mark Wahlberg","Crime, Drama, Thriller",USA,"$90,000,000 ","$291,480,452 ","United States, Hong Kong",291480452.0,291.48,90000000,90.0
1606,Night at the Museum,6.4,2006,December,PG,108,Shawn Levy,"Ben Stiller, Carla Gugino, Ricky Gervais, Dick Van Dyke","Adventure, Comedy, Family",USA,"$110,000,000 ","$574,481,229 ","United States, United Kingdom",574481229.0,574.48,110000000,110.0
1609,300,7.6,2006,March,R,117,Zack Snyder,"Gerard Butler, Lena Headey, David Wenham, Dominic West","Action, Drama",Canada,"$65,000,000 ","$456,082,343 ","United States, Canada, Bulgaria",456082343.0,456.08,65000000,65.0
1611,Cars,7.2,2006,June,G,117,"John Lasseter, Joe Ranft","Owen Wilson, Bonnie Hunt, Paul Newman, Larry the Cable Guy","Animation, Adventure, Comedy",USA,"$120,000,000 ","$461,991,867 ",United States,461991867.0,461.99,120000000,120.0
1616,The Devil Wears Prada,6.9,2006,June,PG-13,109,David Frankel,"Anne Hathaway, Meryl Streep, Adrian Grenier, Emily Blunt","Comedy, Drama",France,"$35,000,000 ","$326,706,115 ","United States, France",326706115.0,326.71,35000000,35.0
1625,Pirates of the Caribbean: Dead Man's Chest,7.3,2006,July,PG-13,151,Gore Verbinski,"Johnny Depp, Orlando Bloom, Keira Knightley, Jack Davenport","Action, Adventure, Fantasy",St Vincent and the Grenadines,"$225,000,000 ","$1,066,179,747 ",United States,1066179747.0,1066.18,225000000,225.0
1626,The Pursuit of Happyness,8.0,2006,December,PG-13,117,Gabriele Muccino,"Will Smith, Thandiwe Newton, Jaden Smith, Brian Howe","Biography, Drama",USA,"$55,000,000 ","$307,127,625 ",United States,307127625.0,307.13,55000000,55.0
1627,Superman Returns,6.1,2006,June,PG-13,154,Bryan Singer,"Brandon Routh, Kevin Spacey, Kate Bosworth, James Marsden","Action, Adventure, Sci-Fi",Australia,"$270,000,000 ","$391,081,192 ","United States, Australia",391081192.0,391.08,270000000,270.0
1632,The Da Vinci Code,6.6,2006,May,PG-13,149,Ron Howard,"Tom Hanks, Audrey Tautou, Jean Reno, Ian McKellen","Mystery, Thriller",UK,"$125,000,000 ","$760,006,945 ","United States, Malta, France, United Kingdom",760006945.0,760.01,125000000,125.0
1639,Mission: Impossible III,6.9,2006,May,PG-13,126,J J Abrams,"Tom Cruise, Michelle Monaghan, Ving Rhames, Philip Seymour Hoffman","Action, Adventure, Thriller",China,"$150,000,000 ","$398,479,497 ","United States, Germany, China, Italy",398479497.0,398.48,150000000,150.0
1641,X-Men: The Last Stand,6.6,2006,May,PG-13,104,Brett Ratner,"Patrick Stewart, Hugh Jackman, Halle Berry, Famke Janssen","Action, Adventure, Sci-Fi",Canada,"$210,000,000 ","$460,435,291 ","United States, United Kingdom, Canada",460435291.0,460.44,210000000,210.0
1645,Happy Feet,6.4,2006,November,PG,108,"George Miller, Warren Coleman, Judy Morris","Elijah Wood, Brittany Murphy, Hugh Jackman, Robin Williams","Animation, Adventure, Comedy",Australia,"$100,000,000 ","$384,336,108 ","United States, Australia",384336108.0,384.34,100000000,100.0
1646,Borat,7.3,2006,November,R,84,Larry Charles,"Sacha Baron Cohen, Ken Davitian, Luenell, Chester",Comedy,Romania,"$18,000,000 ","$262,552,893 ","United States, United Kingdom",262552893.0,262.55,18000000,18.0
1689,Over the Hedge,6.7,2006,May,PG,83,"Tim Johnson, Karey Kirkpatrick","Bruce Willis, Garry Shandling, Steve Carell, Wanda Sykes","Animation, Adventure, Comedy",USA,"$80,000,000 ","$339,795,890 ",United States,339795890.0,339.8,80000000,80.0
1699,Ice Age: The Meltdown,6.8,2006,March,PG,91,Carlos Saldanha,"Ray Romano, John Leguizamo, Denis Leary, Seann William Scott","Animation, Adventure, Comedy",Unknown,"$80,000,000 ","$667,094,506 ",United States,667094506.0,667.09,80000000,80.0
1700,"The Chronicles of Narnia: The Lion, the Witch and the Wardrobe",6.9,2005,December,PG,143,Andrew Adamson,"Tilda Swinton, Georgie Henley, William Moseley, Skandar Keynes","Adventure, Family, Fantasy",Czech Republic,"$180,000,000 ","$745,013,115 ","United Kingdom, United States",745013115.0,745.01,180000000,180.0
1703,Harry Potter and the Goblet of Fire,7.7,2005,November,PG-13,157,Mike Newell,"Daniel Radcliffe, Emma Watson, Rupert Grint, Eric Sykes","Adventure, Family, Fantasy",UK,"$150,000,000 ","$896,815,106 ","United Kingdom, United States",896815106.0,896.82,150000000,150.0
1704,Charlie and the Chocolate Factory,6.7,2005,July,PG,115,Tim Burton,"Johnny Depp, Freddie Highmore, David Kelly, Helena Bonham Carter","Adventure, Comedy, Family",UK,"$150,000,000 ","$474,968,763 ","United States, United Kingdom",474968763.0,474.97,150000000,150.0
1708,Batman Begins,8.2,2005,June,PG-13,140,Christopher Nolan,"Christian Bale, Michael Caine, Ken Watanabe, Liam Neeson","Action, Crime, Drama",Iceland,"$150,000,000 ","$373,672,993 ","United States, United Kingdom",373672993.0,373.67,150000000,150.0
1710,Wedding Crashers,7.0,2005,July,R,119,David Dobkin,"Owen Wilson, Vince Vaughn, Rachel McAdams, Christopher Walken","Comedy, Romance",USA,"$40,000,000 ","$288,485,135 ",United States,288485135.0,288.49,40000000,40.0
1713,King Kong,7.2,2005,December,PG-13,187,Peter Jackson,"Naomi Watts, Jack Black, Adrien Brody, Thomas Kretschmann","Action, Adventure, Drama",New Zealand,"$207,000,000 ","$556,906,378 ","United States, New Zealand, Germany",556906378.0,556.91,207000000,207.0
1718,Star Wars: Episode III - Revenge of the Sith,7.6,2005,May,PG-13,140,George Lucas,"Hayden Christensen, Natalie Portman, Ewan McGregor, Samuel L Jackson","Action, Adventure, Fantasy",Italy,"$113,000,000 ","$868,390,560 ","United States, Italy, Switzerland, Thailand",868390560.0,868.39,113000000,113.0
1722,War of the Worlds,6.5,2005,June,PG-13,116,Steven Spielberg,"Tom Cruise, Dakota Fanning, Tim Robbins, Miranda Otto","Action, Adventure, Sci-Fi",USA,"$132,000,000 ","$603,873,119 ",United States,603873119.0,603.87,132000000,132.0
1724,Madagascar,6.9,2005,May,PG,86,"Eric Darnell, Tom McGrath","Chris Rock, Ben Stiller, David Schwimmer, Jada Pinkett Smith","Animation, Adventure, Comedy",USA,"$75,000,000 ","$542,063,846 ",United States,542063846.0,542.06,75000000,75.0
1732,Mr. & Mrs. Smith,6.5,2005,June,PG-13,120,Doug Liman,"Brad Pitt, Angelina Jolie, Adam Brody, Vince Vaughn","Action, Comedy, Crime",USA,"$110,000,000 ","$487,287,646 ",United States,487287646.0,487.29,110000000,110.0
1746,Fantastic Four,5.7,2005,July,PG-13,106,Tim Story,"Ioan Gruffudd, Michael Chiklis, Chris Evans, Jessica Alba","Action, Adventure, Fantasy",Canada,"$100,000,000 ","$333,535,934 ","Germany, United States",333535934.0,333.54,100000000,100.0
1747,Robots,6.4,2005,March,PG,91,"Chris Wedge, Carlos Saldanha","Ewan McGregor, Halle Berry, Mel Brooks, Robin Williams","Animation, Adventure, Comedy",USA,"$75,000,000 ","$262,511,490 ",United States,262511490.0,262.51,75000000,75.0
1749,Hitch,6.6,2005,February,PG-13,118,Andy Tennant,"Will Smith, Eva Mendes, Kevin James, Amber Valletta","Comedy, Romance",USA,"$70,000,000 ","$371,594,210 ",United States,371594210.0,371.59,70000000,70.0
1798,Chicken Little,5.7,2005,November,G,81,Mark Dindal,"Zach Braff, Joan Cusack, Garry Marshall, Don Knotts","Animation, Adventure, Comedy",USA,"$150,000,000 ","$314,432,837 ",United States,314432837.0,314.43,150000000,150.0
1800,The Polar Express,6.6,2004,November,G,100,Robert Zemeckis,"Tom Hanks, Chris Coppola, Michael Jeter, Leslie Zemeckis","Animation, Adventure, Comedy",Arctic Ocean,"$165,000,000 ","$316,110,472 ",United States,316110472.0,316.11,165000000,165.0
1802,National Treasure,6.9,2004,November,PG,131,Jon Turteltaub,"Nicolas Cage, Diane Kruger, Justin Bartha, Sean Bean","Action, Adventure, Mystery",USA,"$100,000,000 ","$347,512,318 ",United States,347512318.0,347.51,100000000,100.0
1804,Troy,7.3,2004,May,R,163,Wolfgang Petersen,"Brad Pitt, Eric Bana, Orlando Bloom, Julian Glover",Drama,Mexico,"$175,000,000 ","$497,409,852 ","United States, Malta, United Kingdom",497409852.0,497.41,175000000,175.0
1806,Harry Potter and the Prisoner of Azkaban,7.9,2004,June,PG,142,Alfonso Cuar n,"Daniel Radcliffe, Emma Watson, Rupert Grint, Richard Griffiths","Adventure, Family, Fantasy",UK,"$130,000,000 ","$797,660,766 ","United Kingdom, United States",797660766.0,797.66,130000000,130.0
1810,The Day After Tomorrow,6.4,2004,May,PG-13,124,Roland Emmerich,"Dennis Quaid, Jake Gyllenhaal, Emmy Rossum, Dash Mihok","Action, Adventure, Sci-Fi",USA,"$125,000,000 ","$552,639,571 ",United States,552639571.0,552.64,125000000,125.0
1812,The Incredibles,8.0,2004,November,PG,115,Brad Bird,"Craig T Nelson, Samuel L Jackson, Holly Hunter, Jason Lee","Animation, Action, Adventure",USA,"$92,000,000 ","$631,607,053 ",United States,631607053.0,631.61,92000000,92.0
1816,Van Helsing,6.0,2004,May,PG-13,131,Stephen Sommers,"Hugh Jackman, Kate Beckinsale, Richard Roxburgh, Shuler Hensley","Action, Adventure, Fantasy",Czech Republic,"$160,000,000 ","$300,157,638 ","United States, Czech Republic",300157638.0,300.16,160000000,160.0
1818,The Passion of the Christ,7.2,2004,February,R,127,Mel Gibson,"Jim Caviezel, Monica Bellucci, Maia Morgenstern, Christo Jivkov",Drama,Italy,"$30,000,000 ","$612,054,506 ",United States,612054506.0,612.05,30000000,30.0
1824,Spider-Man 2,7.4,2004,June,PG-13,127,Sam Raimi,"Tobey Maguire, Kirsten Dunst, Alfred Molina, James Franco","Action, Adventure, Sci-Fi",USA,"$200,000,000 ","$788,976,453 ",United States,788976453.0,788.98,200000000,200.0
1830,Shrek 2,7.3,2004,May,PG,93,"Andrew Adamson, Kelly Asbury, Conrad Vernon","Mike Myers, Eddie Murphy, Cameron Diaz, Julie Andrews","Animation, Adventure, Comedy",Unknown,"$150,000,000 ","$928,760,770 ",United States,928760770.0,928.76,150000000,150.0
1832,The Village,6.6,2004,July,PG-13,108,M Night Shyamalan,"Sigourney Weaver, William Hurt, Joaquin Phoenix, Bryce Dallas Howard","Drama, Mystery, Thriller",USA,"$60,000,000 ","$256,697,520 ",United States,256697520.0,256.7,60000000,60.0
1836,Ocean's Twelve,6.5,2004,December,PG-13,125,Steven Soderbergh,"George Clooney, Brad Pitt, Julia Roberts, Catherine Zeta Jones","Crime, Thriller",Netherlands,"$110,000,000 ","$362,744,280 ",United States,362744280.0,362.74,110000000,110.0
1852,The Bourne Supremacy,7.7,2004,July,PG-13,108,Paul Greengrass,"Matt Damon, Franka Potente, Joan Allen, Brian Cox","Action, Mystery, Thriller",India,"$75,000,000 ","$290,835,269 ","United States, Germany, Russia, India",290835269.0,290.84,75000000,75.0
1854,Meet the Fockers,6.3,2004,December,PG-13,115,Jay Roach,"Ben Stiller, Robert De Niro, Blythe Danner, Teri Polo","Comedy, Romance",Official Facebook,"$80,000,000 ","$522,657,936 ",United States,522657936.0,522.66,80000000,80.0
1859,"I, Robot",7.1,2004,July,PG-13,115,Alex Proyas,"Will Smith, Bridget Moynahan, Bruce Greenwood, Alan Tudyk","Action, Mystery, Sci-Fi",Canada,"$120,000,000 ","$353,133,898 ","United States, Germany",353133898.0,353.13,120000000,120.0
1878,Shark Tale,6.0,2004,October,PG,90,"Bibo Bergeron, Vicky Jenson, Rob Letterman","Will Smith, Robert De Niro, Ren e Zellweger, Angelina Jolie","Animation, Adventure, Comedy",USA,"$75,000,000 ","$374,583,879 ",United States,374583879.0,374.58,75000000,75.0
1903,The Lord of the Rings: The Return of the King,9.0,2003,December,PG-13,201,Peter Jackson,"Elijah Wood, Viggo Mortensen, Ian McKellen, Orlando Bloom","Action, Adventure, Drama",New Zealand,"$94,000,000 ","$1,146,457,748 ","New Zealand, United States",1146457748.0,1146.46,94000000,94.0
1907,Pirates of the Caribbean: The Curse of the Black Pearl,8.1,2003,July,PG-13,143,Gore Verbinski,"Johnny Depp, Geoffrey Rush, Orlando Bloom, Keira Knightley","Action, Adventure, Fantasy",Dominican Republic,"$140,000,000 ","$654,264,015 ",United States,654264015.0,654.26,140000000,140.0
1917,Finding Nemo,8.2,2003,May,G,100,"Andrew Stanton, Lee Unkrich","Albert Brooks, Ellen DeGeneres, Alexander Gould, Willem Dafoe","Animation, Adventure, Comedy",USA,"$94,000,000 ","$940,352,645 ",United States,940352645.0,940.35,94000000,94.0
1930,Bruce Almighty,6.8,2003,May,PG-13,101,Tom Shadyac,"Jim Carrey, Jennifer Aniston, Morgan Freeman, Philip Baker Hall","Comedy, Fantasy",USA,"$81,000,000 ","$484,592,874 ",United States,484592874.0,484.59,81000000,81.0
1931,The Last Samurai,7.8,2003,December,R,154,Edward Zwick,"Tom Cruise, Ken Watanabe, Billy Connolly, William Atherton","Action, Drama",Japan,"$140,000,000 ","$454,627,263 ","United States, New Zealand, Japan",454627263.0,454.63,140000000,140.0
1936,Terminator 3: Rise of the Machines,6.3,2003,July,R,109,Jonathan Mostow,"Arnold Schwarzenegger, Nick Stahl, Kristanna Loken, Claire Danes","Action, Sci-Fi",USA,"$200,000,000 ","$433,371,112 ","United States, Germany, United Kingdom",433371112.0,433.37,200000000,200.0
1937,The Matrix Reloaded,7.2,2003,May,R,138,"Lana Wachowski, Lilly Wachowski","Keanu Reeves, Laurence Fishburne, Carrie Anne Moss, Hugo Weaving","Action, Sci-Fi",USA,"$150,000,000 ","$741,847,937 ",United States,741847937.0,741.85,150000000,150.0
1943,X2: X-Men United,7.4,2003,May,PG-13,134,Bryan Singer,"Patrick Stewart, Hugh Jackman, Halle Berry, Ian McKellen","Action, Adventure, Sci-Fi",Canada,"$110,000,000 ","$407,711,549 ","Canada, United States",407711549.0,407.71,110000000,110.0
1946,Something's Gotta Give,6.7,2003,December,PG-13,128,Nancy Meyers,"Jack Nicholson, Diane Keaton, Keanu Reeves, Amanda Peet","Comedy, Drama, Romance",USA,"$80,000,000 ","$265,328,738 ",United States,265328738.0,265.33,80000000,80.0
1947,Bad Boys II,6.6,2003,July,R,147,Michael Bay,"Will Smith, Martin Lawrence, Gabrielle Union, Jordi Moll ","Action, Comedy, Crime",Puerto Rico,"$130,000,000 ","$273,339,556 ",United States,273339556.0,273.34,130000000,130.0
1955,The Matrix Revolutions,6.7,2003,November,R,129,"Lana Wachowski, Lilly Wachowski","Keanu Reeves, Laurence Fishburne, Carrie Anne Moss, Hugo Weaving","Action, Sci-Fi",Australia,"$150,000,000 ","$427,344,325 ","United States, Australia",427344325.0,427.34,150000000,150.0
1977,Charlie's Angels: Full Throttle,4.9,2003,June,PG-13,106,McG,"Drew Barrymore, Lucy Liu, Cameron Diaz, Bernie Mac","Action, Adventure, Comedy",USA,"$120,000,000 ","$259,175,788 ",United States,259175788.0,259.18,120000000,120.0
